phase,contract_id,min_side_literals,min_main_literals,min_positive_choices,records,problems,families,aggregate_ratio,p95_ratio,maximum_problem_median_ratio,problem_balanced_median_ratio,maximum_estimated_bytes,sample_eligible,calibration_gate
calibration,5481282947e39da2afaa382c8789dcf2b32790734b95b63ca604718414e26da8,2,2,0,21097,16,12,11.491070680287363,13.3993417443774,47.825,15.4,61976,True,False
calibration,5481282947e39da2afaa382c8789dcf2b32790734b95b63ca604718414e26da8,2,2,4,4635,14,11,11.287362544036279,8.432366730335128,57.009049773755656,14.633020637898685,61976,True,False
calibration,5481282947e39da2afaa382c8789dcf2b32790734b95b63ca604718414e26da8,2,2,8,2399,10,8,11.089241946512688,7.105332063794335,101.19786096256685,15.94316065164566,61976,True,False
calibration,5481282947e39da2afaa382c8789dcf2b32790734b95b63ca604718414e26da8,2,2,16,616,8,6,16.791958420856723,8.629637481450073,142.6797900262467,25.466232357030886,61976,True,False
calibration,5481282947e39da2afaa382c8789dcf2b32790734b95b63ca604718414e26da8,2,2,32,23,3,3,32.718982936908084,14.051561365286856,192.70047543581617,43.171672077922075,56472,False,False
calibration,5481282947e39da2afaa382c8789dcf2b32790734b95b63ca604718414e26da8,2,3,0,12611,15,12,11.930412077631708,13.209415584415584,53.3375,16.78235294117647,61976,True,False
calibration,5481282947e39da2afaa382c8789dcf2b32790734b95b63ca604718414e26da8,2,3,4,4629,14,11,11.28742681253973,8.432366730335128,64.78333333333333,14.633020637898685,61976,True,False
calibration,5481282947e39da2afaa382c8789dcf2b32790734b95b63ca604718414e26da8,2,3,8,2399,10,8,11.089241946512688,7.105332063794335,101.19786096256685,15.94316065164566,61976,True,False
calibration,5481282947e39da2afaa382c8789dcf2b32790734b95b63ca604718414e26da8,2,3,16,616,8,6,16.791958420856723,8.629637481450073,142.6797900262467,25.466232357030886,61976,True,False
calibration,5481282947e39da2afaa382c8789dcf2b32790734b95b63ca604718414e26da8,2,3,32,23,3,3,32.718982936908084,14.051561365286856,192.70047543581617,43.171672077922075,56472,False,False
calibration,5481282947e39da2afaa382c8789dcf2b32790734b95b63ca604718414e26da8,2,4,0,8892,15,12,12.125825832284345,11.487443267776097,85.75,21.075,61976,True,False
calibration,5481282947e39da2afaa382c8789dcf2b32790734b95b63ca604718414e26da8,2,4,4,4271,14,11,11.53183615640617,8.191848092977574,72.45769230769231,17.080277888844464,61976,True,False
calibration,5481282947e39da2afaa382c8789dcf2b32790734b95b63ca604718414e26da8,2,4,8,2390,10,8,11.077458512722613,7.105332063794335,89.19354838709677,15.94316065164566,61976,True,False
calibration,5481282947e39da2afaa382c8789dcf2b32790734b95b63ca604718414e26da8,2,4,16,616,8,6,16.791958420856723,8.629637481450073,142.6797900262467,25.466232357030886,61976,True,False
calibration,5481282947e39da2afaa382c8789dcf2b32790734b95b63ca604718414e26da8,2,4,32,23,3,3,32.718982936908084,14.051561365286856,192.70047543581617,43.171672077922075,56472,False,False
calibration,5481282947e39da2afaa382c8789dcf2b32790734b95b63ca604718414e26da8,2,5,0,6987,14,12,12.611194257062188,9.878156126940004,49.2,23.164671814671813,61976,True,False
calibration,5481282947e39da2afaa382c8789dcf2b32790734b95b63ca604718414e26da8,2,5,4,3898,12,10,12.173649853553172,8.138050314465408,73.26538461538462,22.818191230643237,61976,True,False
calibration,5481282947e39da2afaa382c8789dcf2b32790734b95b63ca604718414e26da8,2,5,8,2360,10,8,11.109518883182497,7.105795549208616,122.6217008797654,16.15513161134285,61976,True,False
calibration,5481282947e39da2afaa382c8789dcf2b32790734b95b63ca604718414e26da8,2,5,16,614,8,6,16.802211749392978,8.629637481450073,142.6797900262467,25.466232357030886,61976,True,False
calibration,5481282947e39da2afaa382c8789dcf2b32790734b95b63ca604718414e26da8,2,5,32,23,3,3,32.718982936908084,14.051561365286856,192.70047543581617,43.171672077922075,56472,False,False
calibration,5481282947e39da2afaa382c8789dcf2b32790734b95b63ca604718414e26da8,2,6,0,6284,14,12,12.564757682210097,9.374409617861744,62.870370370370374,25.789263435700576,61976,True,False
calibration,5481282947e39da2afaa382c8789dcf2b32790734b95b63ca604718414e26da8,2,6,4,3707,12,10,12.16702524811126,8.072043010752688,78.225,23.369438137435374,61976,True,False
calibration,5481282947e39da2afaa382c8789dcf2b32790734b95b63ca604718414e26da8,2,6,8,2289,10,8,11.039863261595407,7.123816204840407,135.26722925457102,15.78148679459213,61976,True,False
calibration,5481282947e39da2afaa382c8789dcf2b32790734b95b63ca604718414e26da8,2,6,16,605,8,6,16.735935372871307,8.629637481450073,176.768574908648,24.67226573812158,61976,True,False
calibration,5481282947e39da2afaa382c8789dcf2b32790734b95b63ca604718414e26da8,2,6,32,23,3,3,32.718982936908084,14.051561365286856,192.70047543581617,43.171672077922075,56472,False,False
calibration,5481282947e39da2afaa382c8789dcf2b32790734b95b63ca604718414e26da8,2,7,0,3108,12,10,11.698527986309337,7.187662426480646,70.44619422572178,25.268530701754386,61976,True,False
calibration,5481282947e39da2afaa382c8789dcf2b32790734b95b63ca604718414e26da8,2,7,4,1929,9,7,11.24064041369065,6.7328707718993925,98.90499390986602,25.379159369527144,61976,True,False
calibration,5481282947e39da2afaa382c8789dcf2b32790734b95b63ca604718414e26da8,2,7,8,1261,9,7,9.698437875670345,6.385820045558087,142.6797900262467,18.338777979431338,61976,True,False
calibration,5481282947e39da2afaa382c8789dcf2b32790734b95b63ca604718414e26da8,2,7,16,420,7,5,15.23154816663363,8.64076332874287,176.768574908648,27.836121275483535,61976,True,False
calibration,5481282947e39da2afaa382c8789dcf2b32790734b95b63ca604718414e26da8,2,7,32,21,3,3,32.6407299644859,14.051561365286856,192.70047543581617,43.171672077922075,56472,False,False
calibration,5481282947e39da2afaa382c8789dcf2b32790734b95b63ca604718414e26da8,2,8,0,2128,11,9,10.405559685699156,6.689889935322818,51.325,18.84485407066052,61976,True,False
calibration,5481282947e39da2afaa382c8789dcf2b32790734b95b63ca604718414e26da8,2,8,4,1297,8,7,9.914718361017533,6.391886756602698,46.92578125,18.677364198750908,61976,True,False
calibration,5481282947e39da2afaa382c8789dcf2b32790734b95b63ca604718414e26da8,2,8,8,830,8,7,8.297822317032804,6.150275045840973,218.15,17.28253577189824,61976,True,False
calibration,5481282947e39da2afaa382c8789dcf2b32790734b95b63ca604718414e26da8,2,8,16,265,6,5,14.009829539177947,6.160616939236804,87.03522504892368,25.122155926820994,61976,True,False
calibration,5481282947e39da2afaa382c8789dcf2b32790734b95b63ca604718414e26da8,2,8,32,20,3,3,34.529780262143404,14.051561365286856,192.70047543581617,43.171672077922075,56472,False,False
calibration,5481282947e39da2afaa382c8789dcf2b32790734b95b63ca604718414e26da8,2,9,0,1662,7,6,9.822425627113951,6.4421839319078265,71.67142857142858,25.9125,61976,True,False
calibration,5481282947e39da2afaa382c8789dcf2b32790734b95b63ca604718414e26da8,2,9,4,1006,5,5,9.252406870533019,6.28071106394269,105.87142857142857,17.962645437844458,61976,False,False
calibration,5481282947e39da2afaa382c8789dcf2b32790734b95b63ca604718414e26da8,2,9,8,686,5,5,7.694690626291599,6.117685571650708,287.9166666666667,14.377641445126107,61976,False,False
calibration,5481282947e39da2afaa382c8789dcf2b32790734b95b63ca604718414e26da8,2,9,16,213,3,3,13.50063106873672,5.597401830528491,87.03522504892368,27.836121275483535,61976,False,False
calibration,5481282947e39da2afaa382c8789dcf2b32790734b95b63ca604718414e26da8,2,9,32,18,2,2,68.1606637218258,14.051561365286856,192.70047543581617,117.93607375686912,46200,False,False
calibration,5481282947e39da2afaa382c8789dcf2b32790734b95b63ca604718414e26da8,2,10,0,1457,6,5,9.630745843452651,6.3116233447768515,154.01111111111112,26.52287940692281,61976,True,False
calibration,5481282947e39da2afaa382c8789dcf2b32790734b95b63ca604718414e26da8,2,10,4,900,4,4,9.073803551089918,6.01755122606651,154.01111111111112,19.922499189510464,61976,False,False
calibration,5481282947e39da2afaa382c8789dcf2b32790734b95b63ca604718414e26da8,2,10,8,629,4,4,7.542388966860555,6.155342175929693,154.01111111111112,13.544852192062953,61976,False,False
calibration,5481282947e39da2afaa382c8789dcf2b32790734b95b63ca604718414e26da8,2,10,16,211,2,2,13.52470131787345,5.597401830528491,87.03522504892368,57.43567316220361,61976,False,False
calibration,5481282947e39da2afaa382c8789dcf2b32790734b95b63ca604718414e26da8,2,10,32,18,2,2,68.1606637218258,14.051561365286856,192.70047543581617,117.93607375686912,46200,False,False
calibration,5481282947e39da2afaa382c8789dcf2b32790734b95b63ca604718414e26da8,2,11,0,1244,6,5,9.393097068969137,6.246203492786636,154.01111111111112,25.91214217253281,61976,True,False
calibration,5481282947e39da2afaa382c8789dcf2b32790734b95b63ca604718414e26da8,2,11,4,851,4,4,8.844914125465117,6.155405405405405,154.01111111111112,19.722702029267055,61976,False,False
calibration,5481282947e39da2afaa382c8789dcf2b32790734b95b63ca604718414e26da8,2,11,8,583,4,4,7.263710045822156,6.1536728618553385,154.01111111111112,14.530061469999737,61976,False,False
calibration,5481282947e39da2afaa382c8789dcf2b32790734b95b63ca604718414e26da8,2,11,16,195,2,2,13.200225551920663,5.502856163601051,87.03522504892368,60.46838048935487,61976,False,False
calibration,5481282947e39da2afaa382c8789dcf2b32790734b95b63ca604718414e26da8,2,11,32,18,2,2,68.1606637218258,14.051561365286856,192.70047543581617,117.93607375686912,46200,False,False
calibration,5481282947e39da2afaa382c8789dcf2b32790734b95b63ca604718414e26da8,2,12,0,884,6,5,10.547007900185841,6.847727719850482,154.01111111111112,27.41580197439746,61976,True,False
calibration,5481282947e39da2afaa382c8789dcf2b32790734b95b63ca604718414e26da8,2,12,4,710,4,4,10.207393355106218,7.152904328018224,154.01111111111112,22.616805413415793,61976,False,False
calibration,5481282947e39da2afaa382c8789dcf2b32790734b95b63ca604718414e26da8,2,12,8,450,4,4,8.197428113763399,6.939955203308063,154.01111111111112,12.723005145419686,61976,False,False
calibration,5481282947e39da2afaa382c8789dcf2b32790734b95b63ca604718414e26da8,2,12,16,168,2,2,11.95918808564673,5.0813904420297495,86.0,60.42986369268897,61976,False,False
calibration,5481282947e39da2afaa382c8789dcf2b32790734b95b63ca604718414e26da8,2,12,32,18,2,2,68.1606637218258,14.051561365286856,192.70047543581617,117.93607375686912,46200,False,False
calibration,5481282947e39da2afaa382c8789dcf2b32790734b95b63ca604718414e26da8,3,2,0,9360,15,12,12.042896008878284,11.805071315372425,73.61971830985915,18.895652173913042,61976,True,False
calibration,5481282947e39da2afaa382c8789dcf2b32790734b95b63ca604718414e26da8,3,2,4,4543,14,11,11.347239715318183,8.2387882890506,73.26538461538462,14.633020637898685,61976,True,False
calibration,5481282947e39da2afaa382c8789dcf2b32790734b95b63ca604718414e26da8,3,2,8,2394,10,8,11.10351791012556,7.105332063794335,104.83763837638377,15.94316065164566,61976,True,False
calibration,5481282947e39da2afaa382c8789dcf2b32790734b95b63ca604718414e26da8,3,2,16,616,8,6,16.791958420856723,8.629637481450073,142.6797900262467,25.466232357030886,61976,True,False
calibration,5481282947e39da2afaa382c8789dcf2b32790734b95b63ca604718414e26da8,3,2,32,23,3,3,32.718982936908084,14.051561365286856,192.70047543581617,43.171672077922075,56472,False,False
calibration,5481282947e39da2afaa382c8789dcf2b32790734b95b63ca604718414e26da8,3,3,0,9188,15,12,12.016443652844243,11.591035548686245,73.61971830985915,18.895652173913042,61976,True,False
calibration,5481282947e39da2afaa382c8789dcf2b32790734b95b63ca604718414e26da8,3,3,4,4543,14,11,11.347239715318183,8.2387882890506,73.26538461538462,14.633020637898685,61976,True,False
calibration,5481282947e39da2afaa382c8789dcf2b32790734b95b63ca604718414e26da8,3,3,8,2394,10,8,11.10351791012556,7.105332063794335,104.83763837638377,15.94316065164566,61976,True,False
calibration,5481282947e39da2afaa382c8789dcf2b32790734b95b63ca604718414e26da8,3,3,16,616,8,6,16.791958420856723,8.629637481450073,142.6797900262467,25.466232357030886,61976,True,False
calibration,5481282947e39da2afaa382c8789dcf2b32790734b95b63ca604718414e26da8,3,3,32,23,3,3,32.718982936908084,14.051561365286856,192.70047543581617,43.171672077922075,56472,False,False
calibration,5481282947e39da2afaa382c8789dcf2b32790734b95b63ca604718414e26da8,3,4,0,7791,15,12,12.121551445881257,10.48919197117859,61.92,23.051044083526683,61976,True,False
calibration,5481282947e39da2afaa382c8789dcf2b32790734b95b63ca604718414e26da8,3,4,4,4229,14,11,11.563785407868796,8.090967846178705,82.61525423728814,17.156569259088815,61976,True,False
calibration,5481282947e39da2afaa382c8789dcf2b32790734b95b63ca604718414e26da8,3,4,8,2385,10,8,11.091726295083467,7.105332063794335,107.64381520119225,15.94316065164566,61976,True,False
calibration,5481282947e39da2afaa382c8789dcf2b32790734b95b63ca604718414e26da8,3,4,16,616,8,6,16.791958420856723,8.629637481450073,142.6797900262467,25.466232357030886,61976,True,False
calibration,5481282947e39da2afaa382c8789dcf2b32790734b95b63ca604718414e26da8,3,4,32,23,3,3,32.718982936908084,14.051561365286856,192.70047543581617,43.171672077922075,56472,False,False
calibration,5481282947e39da2afaa382c8789dcf2b32790734b95b63ca604718414e26da8,3,5,0,6773,14,12,12.663297270416495,9.71264367816092,114.9,26.027632913226135,61976,True,False
calibration,5481282947e39da2afaa382c8789dcf2b32790734b95b63ca604718414e26da8,3,5,4,3883,12,10,12.178035524254362,8.138050314465408,84.03965517241379,22.594894814030475,61976,True,False
calibration,5481282947e39da2afaa382c8789dcf2b32790734b95b63ca604718414e26da8,3,5,8,2358,10,8,11.114346459586578,7.149251959154595,128.98807749627423,16.15513161134285,61976,True,False
calibration,5481282947e39da2afaa382c8789dcf2b32790734b95b63ca604718414e26da8,3,5,16,614,8,6,16.802211749392978,8.629637481450073,142.6797900262467,25.466232357030886,61976,True,False
calibration,5481282947e39da2afaa382c8789dcf2b32790734b95b63ca604718414e26da8,3,5,32,23,3,3,32.718982936908084,14.051561365286856,192.70047543581617,43.171672077922075,56472,False,False
calibration,5481282947e39da2afaa382c8789dcf2b32790734b95b63ca604718414e26da8,3,6,0,6217,14,12,12.59931357468841,9.343550446998723,114.9,25.583674557474943,61976,True,False
calibration,5481282947e39da2afaa382c8789dcf2b32790734b95b63ca604718414e26da8,3,6,4,3704,12,10,12.173064755707165,8.072043010752688,78.225,23.369438137435374,61976,True,False
calibration,5481282947e39da2afaa382c8789dcf2b32790734b95b63ca604718414e26da8,3,6,8,2288,10,8,11.045783655533242,7.123816204840407,135.26722925457102,15.78148679459213,61976,True,False
calibration,5481282947e39da2afaa382c8789dcf2b32790734b95b63ca604718414e26da8,3,6,16,605,8,6,16.735935372871307,8.629637481450073,176.768574908648,24.67226573812158,61976,True,False
calibration,5481282947e39da2afaa382c8789dcf2b32790734b95b63ca604718414e26da8,3,6,32,23,3,3,32.718982936908084,14.051561365286856,192.70047543581617,43.171672077922075,56472,False,False
calibration,5481282947e39da2afaa382c8789dcf2b32790734b95b63ca604718414e26da8,3,7,0,3067,12,10,11.724686135256704,7.089492072023649,114.9,25.589553429027113,61976,True,False
calibration,5481282947e39da2afaa382c8789dcf2b32790734b95b63ca604718414e26da8,3,7,4,1929,9,7,11.24064041369065,6.7328707718993925,98.90499390986602,25.379159369527144,61976,True,False
calibration,5481282947e39da2afaa382c8789dcf2b32790734b95b63ca604718414e26da8,3,7,8,1261,9,7,9.698437875670345,6.385820045558087,142.6797900262467,18.338777979431338,61976,True,False
calibration,5481282947e39da2afaa382c8789dcf2b32790734b95b63ca604718414e26da8,3,7,16,420,7,5,15.23154816663363,8.64076332874287,176.768574908648,27.836121275483535,61976,True,False
calibration,5481282947e39da2afaa382c8789dcf2b32790734b95b63ca604718414e26da8,3,7,32,21,3,3,32.6407299644859,14.051561365286856,192.70047543581617,43.171672077922075,56472,False,False
calibration,5481282947e39da2afaa382c8789dcf2b32790734b95b63ca604718414e26da8,3,8,0,2096,10,9,10.430239629743554,6.615151854757369,114.9,20.239193502396127,61976,True,False
calibration,5481282947e39da2afaa382c8789dcf2b32790734b95b63ca604718414e26da8,3,8,4,1297,8,7,9.914718361017533,6.391886756602698,46.92578125,18.677364198750908,61976,True,False
calibration,5481282947e39da2afaa382c8789dcf2b32790734b95b63ca604718414e26da8,3,8,8,830,8,7,8.297822317032804,6.150275045840973,218.15,17.28253577189824,61976,True,False
calibration,5481282947e39da2afaa382c8789dcf2b32790734b95b63ca604718414e26da8,3,8,16,265,6,5,14.009829539177947,6.160616939236804,87.03522504892368,25.122155926820994,61976,True,False
calibration,5481282947e39da2afaa382c8789dcf2b32790734b95b63ca604718414e26da8,3,8,32,20,3,3,34.529780262143404,14.051561365286856,192.70047543581617,43.171672077922075,56472,False,False
calibration,5481282947e39da2afaa382c8789dcf2b32790734b95b63ca604718414e26da8,3,9,0,1642,7,6,9.837727546674968,6.308176739461656,114.9,27.98125,61976,True,False
calibration,5481282947e39da2afaa382c8789dcf2b32790734b95b63ca604718414e26da8,3,9,4,1006,5,5,9.252406870533019,6.28071106394269,105.87142857142857,17.962645437844458,61976,False,False
calibration,5481282947e39da2afaa382c8789dcf2b32790734b95b63ca604718414e26da8,3,9,8,686,5,5,7.694690626291599,6.117685571650708,287.9166666666667,14.377641445126107,61976,False,False
calibration,5481282947e39da2afaa382c8789dcf2b32790734b95b63ca604718414e26da8,3,9,16,213,3,3,13.50063106873672,5.597401830528491,87.03522504892368,27.836121275483535,61976,False,False
calibration,5481282947e39da2afaa382c8789dcf2b32790734b95b63ca604718414e26da8,3,9,32,18,2,2,68.1606637218258,14.051561365286856,192.70047543581617,117.93607375686912,46200,False,False
calibration,5481282947e39da2afaa382c8789dcf2b32790734b95b63ca604718414e26da8,3,10,0,1439,6,5,9.64605629712051,6.2775231594344225,216.56521739130434,39.271875,61976,True,False
calibration,5481282947e39da2afaa382c8789dcf2b32790734b95b63ca604718414e26da8,3,10,4,900,4,4,9.073803551089918,6.01755122606651,154.01111111111112,19.922499189510464,61976,False,False
calibration,5481282947e39da2afaa382c8789dcf2b32790734b95b63ca604718414e26da8,3,10,8,629,4,4,7.542388966860555,6.155342175929693,154.01111111111112,13.544852192062953,61976,False,False
calibration,5481282947e39da2afaa382c8789dcf2b32790734b95b63ca604718414e26da8,3,10,16,211,2,2,13.52470131787345,5.597401830528491,87.03522504892368,57.43567316220361,61976,False,False
calibration,5481282947e39da2afaa382c8789dcf2b32790734b95b63ca604718414e26da8,3,10,32,18,2,2,68.1606637218258,14.051561365286856,192.70047543581617,117.93607375686912,46200,False,False
calibration,5481282947e39da2afaa382c8789dcf2b32790734b95b63ca604718414e26da8,3,11,0,1232,6,5,9.40626651615343,6.242935710221885,216.56521739130434,42.290625,61976,True,False
calibration,5481282947e39da2afaa382c8789dcf2b32790734b95b63ca604718414e26da8,3,11,4,851,4,4,8.844914125465117,6.155405405405405,154.01111111111112,19.722702029267055,61976,False,False
calibration,5481282947e39da2afaa382c8789dcf2b32790734b95b63ca604718414e26da8,3,11,8,583,4,4,7.263710045822156,6.1536728618553385,154.01111111111112,14.530061469999737,61976,False,False
calibration,5481282947e39da2afaa382c8789dcf2b32790734b95b63ca604718414e26da8,3,11,16,195,2,2,13.200225551920663,5.502856163601051,87.03522504892368,60.46838048935487,61976,False,False
calibration,5481282947e39da2afaa382c8789dcf2b32790734b95b63ca604718414e26da8,3,11,32,18,2,2,68.1606637218258,14.051561365286856,192.70047543581617,117.93607375686912,46200,False,False
calibration,5481282947e39da2afaa382c8789dcf2b32790734b95b63ca604718414e26da8,3,12,0,874,6,5,10.563522440465368,6.965767533104463,216.56521739130434,41.528125,61976,True,False
calibration,5481282947e39da2afaa382c8789dcf2b32790734b95b63ca604718414e26da8,3,12,4,710,4,4,10.207393355106218,7.152904328018224,154.01111111111112,22.616805413415793,61976,False,False
calibration,5481282947e39da2afaa382c8789dcf2b32790734b95b63ca604718414e26da8,3,12,8,450,4,4,8.197428113763399,6.939955203308063,154.01111111111112,12.723005145419686,61976,False,False
calibration,5481282947e39da2afaa382c8789dcf2b32790734b95b63ca604718414e26da8,3,12,16,168,2,2,11.95918808564673,5.0813904420297495,86.0,60.42986369268897,61976,False,False
calibration,5481282947e39da2afaa382c8789dcf2b32790734b95b63ca604718414e26da8,3,12,32,18,2,2,68.1606637218258,14.051561365286856,192.70047543581617,117.93607375686912,46200,False,False
calibration,5481282947e39da2afaa382c8789dcf2b32790734b95b63ca604718414e26da8,4,2,0,6822,15,12,12.334389490820067,9.59245960502693,56.875757575757575,22.719334719334718,61976,True,False
calibration,5481282947e39da2afaa382c8789dcf2b32790734b95b63ca604718414e26da8,4,2,4,3987,14,11,11.843496872307888,7.9835911861228315,84.03965517241379,17.203509701678513,61976,True,False
calibration,5481282947e39da2afaa382c8789dcf2b32790734b95b63ca604718414e26da8,4,2,8,2355,10,8,11.10980909249253,7.088458798385181,122.6217008797654,16.273108691324452,61976,True,False
calibration,5481282947e39da2afaa382c8789dcf2b32790734b95b63ca604718414e26da8,4,2,16,612,8,6,16.80800596123529,8.629637481450073,176.768574908648,25.466232357030886,61976,True,False
calibration,5481282947e39da2afaa382c8789dcf2b32790734b95b63ca604718414e26da8,4,2,32,23,3,3,32.718982936908084,14.051561365286856,192.70047543581617,43.171672077922075,56472,False,False
calibration,5481282947e39da2afaa382c8789dcf2b32790734b95b63ca604718414e26da8,4,3,0,6800,15,12,12.32956050901981,9.57107678531453,96.4875,22.719334719334718,61976,True,False
calibration,5481282947e39da2afaa382c8789dcf2b32790734b95b63ca604718414e26da8,4,3,4,3987,14,11,11.843496872307888,7.9835911861228315,84.03965517241379,17.203509701678513,61976,True,False
calibration,5481282947e39da2afaa382c8789dcf2b32790734b95b63ca604718414e26da8,4,3,8,2355,10,8,11.10980909249253,7.088458798385181,122.6217008797654,16.273108691324452,61976,True,False
calibration,5481282947e39da2afaa382c8789dcf2b32790734b95b63ca604718414e26da8,4,3,16,612,8,6,16.80800596123529,8.629637481450073,176.768574908648,25.466232357030886,61976,True,False
calibration,5481282947e39da2afaa382c8789dcf2b32790734b95b63ca604718414e26da8,4,3,32,23,3,3,32.718982936908084,14.051561365286856,192.70047543581617,43.171672077922075,56472,False,False
calibration,5481282947e39da2afaa382c8789dcf2b32790734b95b63ca604718414e26da8,4,4,0,6692,15,12,12.309806522092376,9.498567335243553,114.9,22.719334719334718,61976,True,False
calibration,5481282947e39da2afaa382c8789dcf2b32790734b95b63ca604718414e26da8,4,4,4,3987,14,11,11.843496872307888,7.9835911861228315,84.03965517241379,17.203509701678513,61976,True,False
calibration,5481282947e39da2afaa382c8789dcf2b32790734b95b63ca604718414e26da8,4,4,8,2355,10,8,11.10980909249253,7.088458798385181,122.6217008797654,16.273108691324452,61976,True,False
calibration,5481282947e39da2afaa382c8789dcf2b32790734b95b63ca604718414e26da8,4,4,16,612,8,6,16.80800596123529,8.629637481450073,176.768574908648,25.466232357030886,61976,True,False
calibration,5481282947e39da2afaa382c8789dcf2b32790734b95b63ca604718414e26da8,4,4,32,23,3,3,32.718982936908084,14.051561365286856,192.70047543581617,43.171672077922075,56472,False,False
calibration,5481282947e39da2afaa382c8789dcf2b32790734b95b63ca604718414e26da8,4,5,0,6314,14,12,12.685855693527243,9.417205692108668,114.9,24.400142304684106,61976,True,False
calibration,5481282947e39da2afaa382c8789dcf2b32790734b95b63ca604718414e26da8,4,5,4,3796,12,10,12.248227005459041,8.110141766630317,84.03965517241379,23.051183686509706,61976,True,False
calibration,5481282947e39da2afaa382c8789dcf2b32790734b95b63ca604718414e26da8,4,5,8,2336,10,8,11.122593046487099,7.056251477192153,122.6217008797654,16.305237156248452,61976,True,False
calibration,5481282947e39da2afaa382c8789dcf2b32790734b95b63ca604718414e26da8,4,5,16,610,8,6,16.818397292532804,8.629637481450073,176.768574908648,25.466232357030886,61976,True,False
calibration,5481282947e39da2afaa382c8789dcf2b32790734b95b63ca604718414e26da8,4,5,32,23,3,3,32.718982936908084,14.051561365286856,192.70047543581617,43.171672077922075,56472,False,False
calibration,5481282947e39da2afaa382c8789dcf2b32790734b95b63ca604718414e26da8,4,6,0,6076,14,12,12.614039742403996,9.220342522974102,114.9,25.541627601135154,61976,True,False
calibration,5481282947e39da2afaa382c8789dcf2b32790734b95b63ca604718414e26da8,4,6,4,3677,12,10,12.18823855085141,8.035015290519878,78.225,23.394389213756313,61976,True,False
calibration,5481282947e39da2afaa382c8789dcf2b32790734b95b63ca604718414e26da8,4,6,8,2281,10,8,11.041163591272259,7.0618496433999765,135.26722925457102,15.824557425344821,61976,True,False
calibration,5481282947e39da2afaa382c8789dcf2b32790734b95b63ca604718414e26da8,4,6,16,602,8,6,16.779980214629784,8.629637481450073,176.768574908648,24.67226573812158,61976,True,False
calibration,5481282947e39da2afaa382c8789dcf2b32790734b95b63ca604718414e26da8,4,6,32,23,3,3,32.718982936908084,14.051561365286856,192.70047543581617,43.171672077922075,56472,False,False
calibration,5481282947e39da2afaa382c8789dcf2b32790734b95b63ca604718414e26da8,4,7,0,2986,12,10,11.731083791506506,7.092377519690295,114.9,27.240846066779852,61976,True,False
calibration,5481282947e39da2afaa382c8789dcf2b32790734b95b63ca604718414e26da8,4,7,4,1912,9,7,11.248879394970066,6.70744623365395,98.90499390986602,25.607705779334502,61976,True,False
calibration,5481282947e39da2afaa382c8789dcf2b32790734b95b63ca604718414e26da8,4,7,8,1255,9,7,9.687228951562876,6.379764839749668,142.6797900262467,18.338777979431338,61976,True,False
calibration,5481282947e39da2afaa382c8789dcf2b32790734b95b63ca604718414e26da8,4,7,16,417,7,5,15.266523324296532,8.473593073593074,176.768574908648,27.836121275483535,61976,True,False
calibration,5481282947e39da2afaa382c8789dcf2b32790734b95b63ca604718414e26da8,4,7,32,21,3,3,32.6407299644859,14.051561365286856,192.70047543581617,43.171672077922075,56472,False,False
calibration,5481282947e39da2afaa382c8789dcf2b32790734b95b63ca604718414e26da8,4,8,0,2030,10,9,10.429326069576872,6.531291463954003,114.9,20.355615507593924,61976,True,False
calibration,5481282947e39da2afaa382c8789dcf2b32790734b95b63ca604718414e26da8,4,8,4,1285,8,7,9.914074840930109,6.374786243587308,46.92578125,18.93466640405056,61976,True,False
calibration,5481282947e39da2afaa382c8789dcf2b32790734b95b63ca604718414e26da8,4,8,8,825,8,7,8.276391824734342,6.150275045840973,218.15,17.290698861800514,61976,True,False
calibration,5481282947e39da2afaa382c8789dcf2b32790734b95b63ca604718414e26da8,4,8,16,262,6,5,14.034669845670855,6.160616939236804,90.8063851699279,25.122155926820994,61976,True,False
calibration,5481282947e39da2afaa382c8789dcf2b32790734b95b63ca604718414e26da8,4,8,32,20,3,3,34.529780262143404,14.051561365286856,192.70047543581617,43.171672077922075,56472,False,False
calibration,5481282947e39da2afaa382c8789dcf2b32790734b95b63ca604718414e26da8,4,9,0,1587,7,6,9.827490561738372,6.262531265632816,114.9,22.270952927669345,61976,True,False
calibration,5481282947e39da2afaa382c8789dcf2b32790734b95b63ca604718414e26da8,4,9,4,998,5,5,9.244585882914238,6.235711781206171,105.87142857142857,18.43547880690738,61976,False,False
calibration,5481282947e39da2afaa382c8789dcf2b32790734b95b63ca604718414e26da8,4,9,8,681,5,5,7.668159858336728,6.117685571650708,287.9166666666667,14.377641445126107,61976,False,False
calibration,5481282947e39da2afaa382c8789dcf2b32790734b95b63ca604718414e26da8,4,9,16,210,3,3,13.520182290037363,5.597401830528491,90.8063851699279,27.836121275483535,61976,False,False
calibration,5481282947e39da2afaa382c8789dcf2b32790734b95b63ca604718414e26da8,4,9,32,18,2,2,68.1606637218258,14.051561365286856,192.70047543581617,117.93607375686912,46200,False,False
calibration,5481282947e39da2afaa382c8789dcf2b32790734b95b63ca604718414e26da8,4,10,0,1389,6,5,9.633759989912003,6.282359790413351,216.56521739130434,37.15079348286077,61976,True,False
calibration,5481282947e39da2afaa382c8789dcf2b32790734b95b63ca604718414e26da8,4,10,4,892,4,4,9.06451474539079,6.0676616081160395,154.01111111111112,20.29473745413595,61976,False,False
calibration,5481282947e39da2afaa382c8789dcf2b32790734b95b63ca604718414e26da8,4,10,8,624,4,4,7.514289937422909,6.155342175929693,154.01111111111112,13.65863661760065,61976,False,False
calibration,5481282947e39da2afaa382c8789dcf2b32790734b95b63ca604718414e26da8,4,10,16,208,2,2,13.544813476525615,5.597401830528491,90.8063851699279,59.32125322270572,61976,False,False
calibration,5481282947e39da2afaa382c8789dcf2b32790734b95b63ca604718414e26da8,4,10,32,18,2,2,68.1606637218258,14.051561365286856,192.70047543581617,117.93607375686912,46200,False,False
calibration,5481282947e39da2afaa382c8789dcf2b32790734b95b63ca604718414e26da8,4,11,0,1198,6,5,9.393055260012495,6.291528632276385,216.56521739130434,38.51495901639345,61976,True,False
calibration,5481282947e39da2afaa382c8789dcf2b32790734b95b63ca604718414e26da8,4,11,4,844,4,4,8.8356239036151,6.155405405405405,154.01111111111112,19.959118713798517,61976,False,False
calibration,5481282947e39da2afaa382c8789dcf2b32790734b95b63ca604718414e26da8,4,11,8,579,4,4,7.23614742675389,6.150091713852779,154.01111111111112,14.525297033011054,61976,False,False
calibration,5481282947e39da2afaa382c8789dcf2b32790734b95b63ca604718414e26da8,4,11,16,192,2,2,13.214979393669369,5.502856163601051,90.8063851699279,62.353960549856986,61976,False,False
calibration,5481282947e39da2afaa382c8789dcf2b32790734b95b63ca604718414e26da8,4,11,32,18,2,2,68.1606637218258,14.051561365286856,192.70047543581617,117.93607375686912,46200,False,False
calibration,5481282947e39da2afaa382c8789dcf2b32790734b95b63ca604718414e26da8,4,12,0,848,6,5,10.567587473486896,6.9368113115553385,216.56521739130434,39.50947217675942,61976,True,False
calibration,5481282947e39da2afaa382c8789dcf2b32790734b95b63ca604718414e26da8,4,12,4,704,4,4,10.214769982255266,7.152904328018224,154.01111111111112,22.76538972695668,61976,False,False
calibration,5481282947e39da2afaa382c8789dcf2b32790734b95b63ca604718414e26da8,4,12,8,447,4,4,8.177905405527301,6.939955203308063,154.01111111111112,12.710799749309508,61976,False,False
calibration,5481282947e39da2afaa382c8789dcf2b32790734b95b63ca604718414e26da8,4,12,16,166,2,2,11.970551290415468,5.0813904420297495,88.08491508491508,61.47232123514651,61976,False,False
calibration,5481282947e39da2afaa382c8789dcf2b32790734b95b63ca604718414e26da8,4,12,32,18,2,2,68.1606637218258,14.051561365286856,192.70047543581617,117.93607375686912,46200,False,False
calibration,5481282947e39da2afaa382c8789dcf2b32790734b95b63ca604718414e26da8,5,2,0,3434,13,11,12.117277294444916,7.943907156673114,356.7931034482759,21.796,61976,True,False
calibration,5481282947e39da2afaa382c8789dcf2b32790734b95b63ca604718414e26da8,5,2,4,2923,11,9,11.885950756934808,7.4569650423728815,104.65722801788375,17.418632788868724,61976,True,False
calibration,5481282947e39da2afaa382c8789dcf2b32790734b95b63ca604718414e26da8,5,2,8,2010,10,8,10.73733445795831,6.862450243255197,104.65722801788375,16.031849511433865,61976,True,False
calibration,5481282947e39da2afaa382c8789dcf2b32790734b95b63ca604718414e26da8,5,2,16,591,7,6,16.950857801125803,8.584057663769345,90.8063851699279,22.018990775908843,61976,True,False
calibration,5481282947e39da2afaa382c8789dcf2b32790734b95b63ca604718414e26da8,5,2,32,22,3,3,45.047279527789144,15.497797356828194,192.70047543581617,43.171672077922075,56472,False,False
calibration,5481282947e39da2afaa382c8789dcf2b32790734b95b63ca604718414e26da8,5,3,0,3434,13,11,12.117277294444916,7.943907156673114,356.7931034482759,21.796,61976,True,False
calibration,5481282947e39da2afaa382c8789dcf2b32790734b95b63ca604718414e26da8,5,3,4,2923,11,9,11.885950756934808,7.4569650423728815,104.65722801788375,17.418632788868724,61976,True,False
calibration,5481282947e39da2afaa382c8789dcf2b32790734b95b63ca604718414e26da8,5,3,8,2010,10,8,10.73733445795831,6.862450243255197,104.65722801788375,16.031849511433865,61976,True,False
calibration,5481282947e39da2afaa382c8789dcf2b32790734b95b63ca604718414e26da8,5,3,16,591,7,6,16.950857801125803,8.584057663769345,90.8063851699279,22.018990775908843,61976,True,False
calibration,5481282947e39da2afaa382c8789dcf2b32790734b95b63ca604718414e26da8,5,3,32,22,3,3,45.047279527789144,15.497797356828194,192.70047543581617,43.171672077922075,56472,False,False
calibration,5481282947e39da2afaa382c8789dcf2b32790734b95b63ca604718414e26da8,5,4,0,3434,13,11,12.117277294444916,7.943907156673114,356.7931034482759,21.796,61976,True,False
calibration,5481282947e39da2afaa382c8789dcf2b32790734b95b63ca604718414e26da8,5,4,4,2923,11,9,11.885950756934808,7.4569650423728815,104.65722801788375,17.418632788868724,61976,True,False
calibration,5481282947e39da2afaa382c8789dcf2b32790734b95b63ca604718414e26da8,5,4,8,2010,10,8,10.73733445795831,6.862450243255197,104.65722801788375,16.031849511433865,61976,True,False
calibration,5481282947e39da2afaa382c8789dcf2b32790734b95b63ca604718414e26da8,5,4,16,591,7,6,16.950857801125803,8.584057663769345,90.8063851699279,22.018990775908843,61976,True,False
calibration,5481282947e39da2afaa382c8789dcf2b32790734b95b63ca604718414e26da8,5,4,32,22,3,3,45.047279527789144,15.497797356828194,192.70047543581617,43.171672077922075,56472,False,False
calibration,5481282947e39da2afaa382c8789dcf2b32790734b95b63ca604718414e26da8,5,5,0,3433,13,11,12.117070492763862,7.943907156673114,356.7931034482759,21.796,61976,True,False
calibration,5481282947e39da2afaa382c8789dcf2b32790734b95b63ca604718414e26da8,5,5,4,2923,11,9,11.885950756934808,7.4569650423728815,104.65722801788375,17.418632788868724,61976,True,False
calibration,5481282947e39da2afaa382c8789dcf2b32790734b95b63ca604718414e26da8,5,5,8,2010,10,8,10.73733445795831,6.862450243255197,104.65722801788375,16.031849511433865,61976,True,False
calibration,5481282947e39da2afaa382c8789dcf2b32790734b95b63ca604718414e26da8,5,5,16,591,7,6,16.950857801125803,8.584057663769345,90.8063851699279,22.018990775908843,61976,True,False
calibration,5481282947e39da2afaa382c8789dcf2b32790734b95b63ca604718414e26da8,5,5,32,22,3,3,45.047279527789144,15.497797356828194,192.70047543581617,43.171672077922075,56472,False,False
calibration,5481282947e39da2afaa382c8789dcf2b32790734b95b63ca604718414e26da8,5,6,0,3376,13,11,12.073312930672845,7.789856125563145,356.7931034482759,21.68345323741007,61976,True,False
calibration,5481282947e39da2afaa382c8789dcf2b32790734b95b63ca604718414e26da8,5,6,4,2873,11,9,11.841259315012849,7.409370501243293,126.7090909090909,17.450844390832327,61976,True,False
calibration,5481282947e39da2afaa382c8789dcf2b32790734b95b63ca604718414e26da8,5,6,8,1982,10,8,10.684419964024013,6.860046393460731,126.7090909090909,15.640968560394068,61976,True,False
calibration,5481282947e39da2afaa382c8789dcf2b32790734b95b63ca604718414e26da8,5,6,16,583,7,6,16.91183954774066,8.584057663769345,90.8063851699279,21.578521316783593,61976,True,False
calibration,5481282947e39da2afaa382c8789dcf2b32790734b95b63ca604718414e26da8,5,6,32,22,3,3,45.047279527789144,15.497797356828194,192.70047543581617,43.171672077922075,56472,False,False
calibration,5481282947e39da2afaa382c8789dcf2b32790734b95b63ca604718414e26da8,5,7,0,1966,11,10,11.14057664085295,6.746019460415745,356.7931034482759,19.73592386994449,61976,True,False
calibration,5481282947e39da2afaa382c8789dcf2b32790734b95b63ca604718414e26da8,5,7,4,1678,8,7,10.842432692337617,6.6458376582935434,48.37109375,18.89847364219024,61976,True,False
calibration,5481282947e39da2afaa382c8789dcf2b32790734b95b63ca604718414e26da8,5,7,8,1178,8,7,9.43792794369853,6.371817923724803,123.14090909090909,16.257019368708157,61976,True,False
calibration,5481282947e39da2afaa382c8789dcf2b32790734b95b63ca604718414e26da8,5,7,16,411,6,5,15.322090579690999,8.317627385402321,90.8063851699279,24.61773508158333,61976,True,False
calibration,5481282947e39da2afaa382c8789dcf2b32790734b95b63ca604718414e26da8,5,7,32,20,3,3,46.482805146937835,15.497797356828194,192.70047543581617,43.171672077922075,56472,False,False
calibration,5481282947e39da2afaa382c8789dcf2b32790734b95b63ca604718414e26da8,5,8,0,1426,10,9,10.077198547924024,6.317601170160897,356.7931034482759,21.081251758369838,61976,True,False
calibration,5481282947e39da2afaa382c8789dcf2b32790734b95b63ca604718414e26da8,5,8,4,1204,8,7,9.703746880620564,6.40507768093975,48.528375733855185,19.788034836493814,61976,True,False
calibration,5481282947e39da2afaa382c8789dcf2b32790734b95b63ca604718414e26da8,5,8,8,789,8,7,8.11409521626734,6.168684690661801,218.15,19.303116944364422,61976,True,False
calibration,5481282947e39da2afaa382c8789dcf2b32790734b95b63ca604718414e26da8,5,8,16,260,6,5,14.147319382755217,8.338830174927114,90.8063851699279,25.122155926820994,61976,True,False
calibration,5481282947e39da2afaa382c8789dcf2b32790734b95b63ca604718414e26da8,5,8,32,19,3,3,52.483359179291426,14.079278625030259,192.70047543581617,43.171672077922075,56472,False,False
calibration,5481282947e39da2afaa382c8789dcf2b32790734b95b63ca604718414e26da8,5,9,0,1167,7,6,9.542319032265452,6.367086211791426,356.7931034482759,22.1871921182266,61976,True,False
calibration,5481282947e39da2afaa382c8789dcf2b32790734b95b63ca604718414e26da8,5,9,4,966,5,5,9.115784815827233,6.211904346308256,138.27692307692308,18.43547880690738,61976,False,False
calibration,5481282947e39da2afaa382c8789dcf2b32790734b95b63ca604718414e26da8,5,9,8,658,5,5,7.5295098318609295,6.159012910606308,287.9166666666667,14.377641445126107,61976,False,False
calibration,5481282947e39da2afaa382c8789dcf2b32790734b95b63ca604718414e26da8,5,9,16,210,3,3,13.520182290037363,5.597401830528491,90.8063851699279,27.836121275483535,61976,False,False
calibration,5481282947e39da2afaa382c8789dcf2b32790734b95b63ca604718414e26da8,5,9,32,18,2,2,68.1606637218258,14.051561365286856,192.70047543581617,117.93607375686912,46200,False,False
calibration,5481282947e39da2afaa382c8789dcf2b32790734b95b63ca604718414e26da8,5,10,0,1069,6,5,9.417092016235136,6.276890602055801,356.7931034482759,24.451340788725833,61976,True,False
calibration,5481282947e39da2afaa382c8789dcf2b32790734b95b63ca604718414e26da8,5,10,4,875,4,4,8.973171685102244,6.082037129954842,154.01111111111112,22.106373683930315,61976,False,False
calibration,5481282947e39da2afaa382c8789dcf2b32790734b95b63ca604718414e26da8,5,10,8,607,4,4,7.400558765356418,6.12802963201546,154.01111111111112,12.58091177695216,61976,False,False
calibration,5481282947e39da2afaa382c8789dcf2b32790734b95b63ca604718414e26da8,5,10,16,208,2,2,13.544813476525615,5.597401830528491,90.8063851699279,59.32125322270572,61976,False,False
calibration,5481282947e39da2afaa382c8789dcf2b32790734b95b63ca604718414e26da8,5,10,32,18,2,2,68.1606637218258,14.051561365286856,192.70047543581617,117.93607375686912,46200,False,False
calibration,5481282947e39da2afaa382c8789dcf2b32790734b95b63ca604718414e26da8,5,11,0,1018,6,5,9.241837111658429,6.136375696471212,356.7931034482759,23.071912334222354,61976,True,False
calibration,5481282947e39da2afaa382c8789dcf2b32790734b95b63ca604718414e26da8,5,11,4,836,4,4,8.774684261464051,6.19953325554259,154.01111111111112,18.916448642584125,61976,False,False
calibration,5481282947e39da2afaa382c8789dcf2b32790734b95b63ca604718414e26da8,5,11,8,571,4,4,7.163023267302277,6.150091713852779,154.01111111111112,13.824969449193695,61976,False,False
calibration,5481282947e39da2afaa382c8789dcf2b32790734b95b63ca604718414e26da8,5,11,16,192,2,2,13.214979393669369,5.502856163601051,90.8063851699279,62.353960549856986,61976,False,False
calibration,5481282947e39da2afaa382c8789dcf2b32790734b95b63ca604718414e26da8,5,11,32,18,2,2,68.1606637218258,14.051561365286856,192.70047543581617,117.93607375686912,46200,False,False
calibration,5481282947e39da2afaa382c8789dcf2b32790734b95b63ca604718414e26da8,5,12,0,750,6,5,10.458411158989588,6.943102625298329,356.7931034482759,24.025938966427308,61976,True,False
calibration,5481282947e39da2afaa382c8789dcf2b32790734b95b63ca604718414e26da8,5,12,4,701,4,4,10.173343180826897,7.152904328018224,154.01111111111112,22.23814738305763,61976,False,False
calibration,5481282947e39da2afaa382c8789dcf2b32790734b95b63ca604718414e26da8,5,12,8,444,4,4,8.128390893287603,6.939955203308063,154.01111111111112,10.930561758737667,61976,False,False
calibration,5481282947e39da2afaa382c8789dcf2b32790734b95b63ca604718414e26da8,5,12,16,166,2,2,11.970551290415468,5.0813904420297495,88.08491508491508,61.47232123514651,61976,False,False
calibration,5481282947e39da2afaa382c8789dcf2b32790734b95b63ca604718414e26da8,5,12,32,18,2,2,68.1606637218258,14.051561365286856,192.70047543581617,117.93607375686912,46200,False,False
calibration,5481282947e39da2afaa382c8789dcf2b32790734b95b63ca604718414e26da8,6,2,0,2032,11,10,10.990672656762955,6.746342008265386,44.146167557932266,19.714932126696834,56472,True,False
calibration,5481282947e39da2afaa382c8789dcf2b32790734b95b63ca604718414e26da8,6,2,4,1817,9,8,10.725919209109215,6.53718137771224,44.146167557932266,19.699856527977044,56472,True,False
calibration,5481282947e39da2afaa382c8789dcf2b32790734b95b63ca604718414e26da8,6,2,8,1347,9,8,9.462245497676363,6.228571428571429,44.146167557932266,13.034313725490197,56472,True,False
calibration,5481282947e39da2afaa382c8789dcf2b32790734b95b63ca604718414e26da8,6,2,16,456,7,6,15.39739660711418,8.385806451612904,63.07225433526011,21.23826227738802,56472,True,False
calibration,5481282947e39da2afaa382c8789dcf2b32790734b95b63ca604718414e26da8,6,2,32,22,3,3,45.047279527789144,15.497797356828194,192.70047543581617,43.171672077922075,56472,False,False
calibration,5481282947e39da2afaa382c8789dcf2b32790734b95b63ca604718414e26da8,6,3,0,2032,11,10,10.990672656762955,6.746342008265386,44.146167557932266,19.714932126696834,56472,True,False
calibration,5481282947e39da2afaa382c8789dcf2b32790734b95b63ca604718414e26da8,6,3,4,1817,9,8,10.725919209109215,6.53718137771224,44.146167557932266,19.699856527977044,56472,True,False
calibration,5481282947e39da2afaa382c8789dcf2b32790734b95b63ca604718414e26da8,6,3,8,1347,9,8,9.462245497676363,6.228571428571429,44.146167557932266,13.034313725490197,56472,True,False
calibration,5481282947e39da2afaa382c8789dcf2b32790734b95b63ca604718414e26da8,6,3,16,456,7,6,15.39739660711418,8.385806451612904,63.07225433526011,21.23826227738802,56472,True,False
calibration,5481282947e39da2afaa382c8789dcf2b32790734b95b63ca604718414e26da8,6,3,32,22,3,3,45.047279527789144,15.497797356828194,192.70047543581617,43.171672077922075,56472,False,False
calibration,5481282947e39da2afaa382c8789dcf2b32790734b95b63ca604718414e26da8,6,4,0,2032,11,10,10.990672656762955,6.746342008265386,44.146167557932266,19.714932126696834,56472,True,False
calibration,5481282947e39da2afaa382c8789dcf2b32790734b95b63ca604718414e26da8,6,4,4,1817,9,8,10.725919209109215,6.53718137771224,44.146167557932266,19.699856527977044,56472,True,False
calibration,5481282947e39da2afaa382c8789dcf2b32790734b95b63ca604718414e26da8,6,4,8,1347,9,8,9.462245497676363,6.228571428571429,44.146167557932266,13.034313725490197,56472,True,False
calibration,5481282947e39da2afaa382c8789dcf2b32790734b95b63ca604718414e26da8,6,4,16,456,7,6,15.39739660711418,8.385806451612904,63.07225433526011,21.23826227738802,56472,True,False
calibration,5481282947e39da2afaa382c8789dcf2b32790734b95b63ca604718414e26da8,6,4,32,22,3,3,45.047279527789144,15.497797356828194,192.70047543581617,43.171672077922075,56472,False,False
calibration,5481282947e39da2afaa382c8789dcf2b32790734b95b63ca604718414e26da8,6,5,0,2032,11,10,10.990672656762955,6.746342008265386,44.146167557932266,19.714932126696834,56472,True,False
calibration,5481282947e39da2afaa382c8789dcf2b32790734b95b63ca604718414e26da8,6,5,4,1817,9,8,10.725919209109215,6.53718137771224,44.146167557932266,19.699856527977044,56472,True,False
calibration,5481282947e39da2afaa382c8789dcf2b32790734b95b63ca604718414e26da8,6,5,8,1347,9,8,9.462245497676363,6.228571428571429,44.146167557932266,13.034313725490197,56472,True,False
calibration,5481282947e39da2afaa382c8789dcf2b32790734b95b63ca604718414e26da8,6,5,16,456,7,6,15.39739660711418,8.385806451612904,63.07225433526011,21.23826227738802,56472,True,False
calibration,5481282947e39da2afaa382c8789dcf2b32790734b95b63ca604718414e26da8,6,5,32,22,3,3,45.047279527789144,15.497797356828194,192.70047543581617,43.171672077922075,56472,False,False
calibration,5481282947e39da2afaa382c8789dcf2b32790734b95b63ca604718414e26da8,6,6,0,2031,11,10,10.98960564859308,6.746342008265386,44.146167557932266,19.714932126696834,56472,True,False
calibration,5481282947e39da2afaa382c8789dcf2b32790734b95b63ca604718414e26da8,6,6,4,1816,9,8,10.724793068061071,6.53718137771224,44.146167557932266,19.699856527977044,56472,True,False
calibration,5481282947e39da2afaa382c8789dcf2b32790734b95b63ca604718414e26da8,6,6,8,1347,9,8,9.462245497676363,6.228571428571429,44.146167557932266,13.034313725490197,56472,True,False
calibration,5481282947e39da2afaa382c8789dcf2b32790734b95b63ca604718414e26da8,6,6,16,456,7,6,15.39739660711418,8.385806451612904,63.07225433526011,21.23826227738802,56472,True,False
calibration,5481282947e39da2afaa382c8789dcf2b32790734b95b63ca604718414e26da8,6,6,32,22,3,3,45.047279527789144,15.497797356828194,192.70047543581617,43.171672077922075,56472,False,False
calibration,5481282947e39da2afaa382c8789dcf2b32790734b95b63ca604718414e26da8,6,7,0,1648,10,9,10.439138633593224,6.278517013712545,48.37109375,20.21301316773441,56472,True,False
calibration,5481282947e39da2afaa382c8789dcf2b32790734b95b63ca604718414e26da8,6,7,4,1451,8,7,10.124654741738206,6.2545365375183914,48.37109375,20.261349142377835,56472,True,False
calibration,5481282947e39da2afaa382c8789dcf2b32790734b95b63ca604718414e26da8,6,7,8,1017,8,7,8.675804773331693,5.8786592376404,123.14090909090909,16.664401409243375,56472,True,False
calibration,5481282947e39da2afaa382c8789dcf2b32790734b95b63ca604718414e26da8,6,7,16,370,6,5,14.18826192224933,8.094677388474057,63.07225433526011,24.424349033541617,56472,True,False
calibration,5481282947e39da2afaa382c8789dcf2b32790734b95b63ca604718414e26da8,6,7,32,20,3,3,46.482805146937835,15.497797356828194,192.70047543581617,43.171672077922075,56472,False,False
calibration,5481282947e39da2afaa382c8789dcf2b32790734b95b63ca604718414e26da8,6,8,0,1332,9,8,9.670793215306242,6.129236071223435,48.528375733855185,22.080310880829014,56472,True,False
calibration,5481282947e39da2afaa382c8789dcf2b32790734b95b63ca604718414e26da8,6,8,4,1145,8,7,9.286084838880317,6.194235116804823,48.528375733855185,20.98120021653391,56472,True,False
calibration,5481282947e39da2afaa382c8789dcf2b32790734b95b63ca604718414e26da8,6,8,8,748,8,7,7.651833063426905,5.8955952972346415,218.15,18.968278976170403,56472,True,False
calibration,5481282947e39da2afaa382c8789dcf2b32790734b95b63ca604718414e26da8,6,8,16,239,6,5,12.968966517099103,5.96150589461343,63.07225433526011,24.928769878779285,56472,True,False
calibration,5481282947e39da2afaa382c8789dcf2b32790734b95b63ca604718414e26da8,6,8,32,19,3,3,52.483359179291426,14.079278625030259,192.70047543581617,43.171672077922075,56472,False,False
calibration,5481282947e39da2afaa382c8789dcf2b32790734b95b63ca604718414e26da8,6,9,0,1120,5,5,9.189163844607803,6.068471337579618,166.75,21.188193343898575,53368,False,False
calibration,5481282947e39da2afaa382c8789dcf2b32790734b95b63ca604718414e26da8,6,9,4,936,5,5,8.747082732205591,5.87723983459683,166.75,14.377641445126107,53368,False,False
calibration,5481282947e39da2afaa382c8789dcf2b32790734b95b63ca604718414e26da8,6,9,8,632,5,5,7.112940164720246,5.830987061599805,287.9166666666667,14.377641445126107,53368,False,False
calibration,5481282947e39da2afaa382c8789dcf2b32790734b95b63ca604718414e26da8,6,9,16,189,3,3,12.15997983858006,5.293499371644008,63.07225433526011,27.449349179400112,53368,False,False
calibration,5481282947e39da2afaa382c8789dcf2b32790734b95b63ca604718414e26da8,6,9,32,18,2,2,68.1606637218258,14.051561365286856,192.70047543581617,117.93607375686912,46200,False,False
calibration,5481282947e39da2afaa382c8789dcf2b32790734b95b63ca604718414e26da8,6,10,0,1030,4,4,9.05740005256384,5.92761321689025,154.01111111111112,24.067049888323556,53368,False,False
calibration,5481282947e39da2afaa382c8789dcf2b32790734b95b63ca604718414e26da8,6,10,4,846,4,4,8.594907417168198,5.806973640306974,154.01111111111112,20.328049505711984,53368,False,False
calibration,5481282947e39da2afaa382c8789dcf2b32790734b95b63ca604718414e26da8,6,10,8,581,4,4,6.9735071587532484,5.851556842867487,154.01111111111112,12.92548702328828,53368,False,False
calibration,5481282947e39da2afaa382c8789dcf2b32790734b95b63ca604718414e26da8,6,10,16,187,2,2,12.176677315880527,5.293499371644008,63.07225433526011,45.260801757330114,53368,False,False
calibration,5481282947e39da2afaa382c8789dcf2b32790734b95b63ca604718414e26da8,6,10,32,18,2,2,68.1606637218258,14.051561365286856,192.70047543581617,117.93607375686912,46200,False,False
calibration,5481282947e39da2afaa382c8789dcf2b32790734b95b63ca604718414e26da8,6,11,0,980,4,4,8.886682198987955,5.826612903225806,154.01111111111112,23.771642875346764,53368,False,False
calibration,5481282947e39da2afaa382c8789dcf2b32790734b95b63ca604718414e26da8,6,11,4,808,4,4,8.403066259064193,5.929071511918653,154.01111111111112,19.915170226491135,53368,False,False
calibration,5481282947e39da2afaa382c8789dcf2b32790734b95b63ca604718414e26da8,6,11,8,546,4,4,6.743548150856842,5.947330734346408,154.01111111111112,12.730961023418768,53368,False,False
calibration,5481282947e39da2afaa382c8789dcf2b32790734b95b63ca604718414e26da8,6,11,16,172,2,2,11.834652909025898,5.0001054963603755,63.07225433526011,49.06369536263876,53368,False,False
calibration,5481282947e39da2afaa382c8789dcf2b32790734b95b63ca604718414e26da8,6,11,32,18,2,2,68.1606637218258,14.051561365286856,192.70047543581617,117.93607375686912,46200,False,False
calibration,5481282947e39da2afaa382c8789dcf2b32790734b95b63ca604718414e26da8,6,12,0,722,4,4,10.08320577354018,6.758217746532396,154.01111111111112,22.689940370848678,53368,False,False
calibration,5481282947e39da2afaa382c8789dcf2b32790734b95b63ca604718414e26da8,6,12,4,681,4,4,9.799773812023005,6.752038687654087,154.01111111111112,22.691992481995804,53368,False,False
calibration,5481282947e39da2afaa382c8789dcf2b32790734b95b63ca604718414e26da8,6,12,8,425,4,4,7.694725878576207,6.504587921254588,154.01111111111112,11.020522670627997,53368,False,False
calibration,5481282947e39da2afaa382c8789dcf2b32790734b95b63ca604718414e26da8,6,12,16,151,2,2,10.788434891296971,3.9635390533534034,63.07225433526011,47.640640531220576,53368,False,False
calibration,5481282947e39da2afaa382c8789dcf2b32790734b95b63ca604718414e26da8,6,12,32,18,2,2,68.1606637218258,14.051561365286856,192.70047543581617,117.93607375686912,46200,False,False
calibration,5481282947e39da2afaa382c8789dcf2b32790734b95b63ca604718414e26da8,7,2,0,1408,8,7,9.872074568800556,6.191329761324891,30.045454545454547,20.30723649651707,53368,True,False
calibration,5481282947e39da2afaa382c8789dcf2b32790734b95b63ca604718414e26da8,7,2,4,1221,8,7,9.507124492049364,6.1043049497439785,30.045454545454547,16.97265024617225,53368,True,False
calibration,5481282947e39da2afaa382c8789dcf2b32790734b95b63ca604718414e26da8,7,2,8,812,8,7,7.906623065451436,5.700366727787965,68.18510638297872,12.6654384290677,53368,True,False
calibration,5481282947e39da2afaa382c8789dcf2b32790734b95b63ca604718414e26da8,7,2,16,284,6,5,13.601704439938297,8.099022681172782,63.07225433526011,24.491979651259562,53368,True,False
calibration,5481282947e39da2afaa382c8789dcf2b32790734b95b63ca604718414e26da8,7,2,32,19,3,3,56.6103249475891,14.051561365286856,192.70047543581617,43.171672077922075,46200,False,False
calibration,5481282947e39da2afaa382c8789dcf2b32790734b95b63ca604718414e26da8,7,3,0,1408,8,7,9.872074568800556,6.191329761324891,30.045454545454547,20.30723649651707,53368,True,False
calibration,5481282947e39da2afaa382c8789dcf2b32790734b95b63ca604718414e26da8,7,3,4,1221,8,7,9.507124492049364,6.1043049497439785,30.045454545454547,16.97265024617225,53368,True,False
calibration,5481282947e39da2afaa382c8789dcf2b32790734b95b63ca604718414e26da8,7,3,8,812,8,7,7.906623065451436,5.700366727787965,68.18510638297872,12.6654384290677,53368,True,False
calibration,5481282947e39da2afaa382c8789dcf2b32790734b95b63ca604718414e26da8,7,3,16,284,6,5,13.601704439938297,8.099022681172782,63.07225433526011,24.491979651259562,53368,True,False
calibration,5481282947e39da2afaa382c8789dcf2b32790734b95b63ca604718414e26da8,7,3,32,19,3,3,56.6103249475891,14.051561365286856,192.70047543581617,43.171672077922075,46200,False,False
calibration,5481282947e39da2afaa382c8789dcf2b32790734b95b63ca604718414e26da8,7,4,0,1408,8,7,9.872074568800556,6.191329761324891,30.045454545454547,20.30723649651707,53368,True,False
calibration,5481282947e39da2afaa382c8789dcf2b32790734b95b63ca604718414e26da8,7,4,4,1221,8,7,9.507124492049364,6.1043049497439785,30.045454545454547,16.97265024617225,53368,True,False
calibration,5481282947e39da2afaa382c8789dcf2b32790734b95b63ca604718414e26da8,7,4,8,812,8,7,7.906623065451436,5.700366727787965,68.18510638297872,12.6654384290677,53368,True,False
calibration,5481282947e39da2afaa382c8789dcf2b32790734b95b63ca604718414e26da8,7,4,16,284,6,5,13.601704439938297,8.099022681172782,63.07225433526011,24.491979651259562,53368,True,False
calibration,5481282947e39da2afaa382c8789dcf2b32790734b95b63ca604718414e26da8,7,4,32,19,3,3,56.6103249475891,14.051561365286856,192.70047543581617,43.171672077922075,46200,False,False
calibration,5481282947e39da2afaa382c8789dcf2b32790734b95b63ca604718414e26da8,7,5,0,1408,8,7,9.872074568800556,6.191329761324891,30.045454545454547,20.30723649651707,53368,True,False
calibration,5481282947e39da2afaa382c8789dcf2b32790734b95b63ca604718414e26da8,7,5,4,1221,8,7,9.507124492049364,6.1043049497439785,30.045454545454547,16.97265024617225,53368,True,False
calibration,5481282947e39da2afaa382c8789dcf2b32790734b95b63ca604718414e26da8,7,5,8,812,8,7,7.906623065451436,5.700366727787965,68.18510638297872,12.6654384290677,53368,True,False
calibration,5481282947e39da2afaa382c8789dcf2b32790734b95b63ca604718414e26da8,7,5,16,284,6,5,13.601704439938297,8.099022681172782,63.07225433526011,24.491979651259562,53368,True,False
calibration,5481282947e39da2afaa382c8789dcf2b32790734b95b63ca604718414e26da8,7,5,32,19,3,3,56.6103249475891,14.051561365286856,192.70047543581617,43.171672077922075,46200,False,False
calibration,5481282947e39da2afaa382c8789dcf2b32790734b95b63ca604718414e26da8,7,6,0,1408,8,7,9.872074568800556,6.191329761324891,30.045454545454547,20.30723649651707,53368,True,False
calibration,5481282947e39da2afaa382c8789dcf2b32790734b95b63ca604718414e26da8,7,6,4,1221,8,7,9.507124492049364,6.1043049497439785,30.045454545454547,16.97265024617225,53368,True,False
calibration,5481282947e39da2afaa382c8789dcf2b32790734b95b63ca604718414e26da8,7,6,8,812,8,7,7.906623065451436,5.700366727787965,68.18510638297872,12.6654384290677,53368,True,False
calibration,5481282947e39da2afaa382c8789dcf2b32790734b95b63ca604718414e26da8,7,6,16,284,6,5,13.601704439938297,8.099022681172782,63.07225433526011,24.491979651259562,53368,True,False
calibration,5481282947e39da2afaa382c8789dcf2b32790734b95b63ca604718414e26da8,7,6,32,19,3,3,56.6103249475891,14.051561365286856,192.70047543581617,43.171672077922075,46200,False,False
calibration,5481282947e39da2afaa382c8789dcf2b32790734b95b63ca604718414e26da8,7,7,0,1408,8,7,9.872074568800556,6.191329761324891,30.045454545454547,20.30723649651707,53368,True,False
calibration,5481282947e39da2afaa382c8789dcf2b32790734b95b63ca604718414e26da8,7,7,4,1221,8,7,9.507124492049364,6.1043049497439785,30.045454545454547,16.97265024617225,53368,True,False
calibration,5481282947e39da2afaa382c8789dcf2b32790734b95b63ca604718414e26da8,7,7,8,812,8,7,7.906623065451436,5.700366727787965,68.18510638297872,12.6654384290677,53368,True,False
calibration,5481282947e39da2afaa382c8789dcf2b32790734b95b63ca604718414e26da8,7,7,16,284,6,5,13.601704439938297,8.099022681172782,63.07225433526011,24.491979651259562,53368,True,False
calibration,5481282947e39da2afaa382c8789dcf2b32790734b95b63ca604718414e26da8,7,7,32,19,3,3,56.6103249475891,14.051561365286856,192.70047543581617,43.171672077922075,46200,False,False
calibration,5481282947e39da2afaa382c8789dcf2b32790734b95b63ca604718414e26da8,7,8,0,1265,7,6,9.489344618147026,6.082652479574387,44.04865556978233,21.188193343898575,53368,True,False
calibration,5481282947e39da2afaa382c8789dcf2b32790734b95b63ca604718414e26da8,7,8,4,1081,7,6,9.086564646525195,6.051720964476348,44.04865556978233,20.717009916094586,53368,True,False
calibration,5481282947e39da2afaa382c8789dcf2b32790734b95b63ca604718414e26da8,7,8,8,703,7,6,7.414167579373251,5.834576604639724,287.9166666666667,14.203852327447834,53368,True,False
calibration,5481282947e39da2afaa382c8789dcf2b32790734b95b63ca604718414e26da8,7,8,16,222,5,4,12.783270849788128,5.956295186608481,63.07225433526011,27.449349179400112,53368,False,False
calibration,5481282947e39da2afaa382c8789dcf2b32790734b95b63ca604718414e26da8,7,8,32,18,2,2,68.1606637218258,14.051561365286856,192.70047543581617,117.93607375686912,46200,False,False
calibration,5481282947e39da2afaa382c8789dcf2b32790734b95b63ca604718414e26da8,7,9,0,1106,5,5,9.164123552430285,6.002950396459524,287.9166666666667,21.188193343898575,53368,False,False
calibration,5481282947e39da2afaa382c8789dcf2b32790734b95b63ca604718414e26da8,7,9,4,922,5,5,8.719482044662115,5.87723983459683,287.9166666666667,13.710192578675434,53368,False,False
calibration,5481282947e39da2afaa382c8789dcf2b32790734b95b63ca604718414e26da8,7,9,8,629,5,5,7.100601367019262,5.830987061599805,287.9166666666667,9.524305555555555,53368,False,False
calibration,5481282947e39da2afaa382c8789dcf2b32790734b95b63ca604718414e26da8,7,9,16,189,3,3,12.15997983858006,5.293499371644008,63.07225433526011,27.449349179400112,53368,False,False
calibration,5481282947e39da2afaa382c8789dcf2b32790734b95b63ca604718414e26da8,7,9,32,18,2,2,68.1606637218258,14.051561365286856,192.70047543581617,117.93607375686912,46200,False,False
calibration,5481282947e39da2afaa382c8789dcf2b32790734b95b63ca604718414e26da8,7,10,0,1022,3,3,9.045766160738763,5.92761321689025,23.337737407101567,21.188193343898575,53368,False,False
calibration,5481282947e39da2afaa382c8789dcf2b32790734b95b63ca604718414e26da8,7,10,4,838,3,3,8.581873130734087,5.929071511918653,23.337737407101567,13.710192578675434,53368,False,False
calibration,5481282947e39da2afaa382c8789dcf2b32790734b95b63ca604718414e26da8,7,10,8,579,3,3,6.967178027858866,5.932051997766967,19.732454695222405,6.073196268798782,53368,False,False
calibration,5481282947e39da2afaa382c8789dcf2b32790734b95b63ca604718414e26da8,7,10,16,187,2,2,12.176677315880527,5.293499371644008,63.07225433526011,45.260801757330114,53368,False,False
calibration,5481282947e39da2afaa382c8789dcf2b32790734b95b63ca604718414e26da8,7,10,32,18,2,2,68.1606637218258,14.051561365286856,192.70047543581617,117.93607375686912,46200,False,False
calibration,5481282947e39da2afaa382c8789dcf2b32790734b95b63ca604718414e26da8,7,11,0,975,3,3,8.879486860684052,5.871967184499913,21.423137876386686,19.764266304347824,53368,False,False
calibration,5481282947e39da2afaa382c8789dcf2b32790734b95b63ca604718414e26da8,7,11,4,803,3,3,8.394908850106683,5.929071511918653,19.764266304347824,13.710192578675434,53368,False,False
calibration,5481282947e39da2afaa382c8789dcf2b32790734b95b63ca604718414e26da8,7,11,8,544,3,3,6.737030785894173,5.947330734346408,19.53035610040864,6.073196268798782,53368,False,False
calibration,5481282947e39da2afaa382c8789dcf2b32790734b95b63ca604718414e26da8,7,11,16,172,2,2,11.834652909025898,5.0001054963603755,63.07225433526011,49.06369536263876,53368,False,False
calibration,5481282947e39da2afaa382c8789dcf2b32790734b95b63ca604718414e26da8,7,11,32,18,2,2,68.1606637218258,14.051561365286856,192.70047543581617,117.93607375686912,46200,False,False
calibration,5481282947e39da2afaa382c8789dcf2b32790734b95b63ca604718414e26da8,7,12,0,718,3,3,10.075022996980971,6.755504935459378,24.586151368760063,17.625758597437628,53368,False,False
calibration,5481282947e39da2afaa382c8789dcf2b32790734b95b63ca604718414e26da8,7,12,4,677,3,3,9.791110536877518,6.771314892004547,24.590255591054312,17.625758597437628,53368,False,False
calibration,5481282947e39da2afaa382c8789dcf2b32790734b95b63ca604718414e26da8,7,12,8,423,3,3,7.686247913188648,6.504587921254588,14.212304589006555,7.161543222611925,53368,False,False
calibration,5481282947e39da2afaa382c8789dcf2b32790734b95b63ca604718414e26da8,7,12,16,151,2,2,10.788434891296971,3.9635390533534034,63.07225433526011,47.640640531220576,53368,False,False
calibration,5481282947e39da2afaa382c8789dcf2b32790734b95b63ca604718414e26da8,7,12,32,18,2,2,68.1606637218258,14.051561365286856,192.70047543581617,117.93607375686912,46200,False,False
calibration,5481282947e39da2afaa382c8789dcf2b32790734b95b63ca604718414e26da8,8,2,0,1118,6,5,9.208093951099961,6.002950396459524,22.263093788063337,15.652884672754602,53368,True,False
calibration,5481282947e39da2afaa382c8789dcf2b32790734b95b63ca604718414e26da8,8,2,4,934,6,5,8.768346539481525,5.87723983459683,22.263093788063337,11.91388429014303,53368,True,False
calibration,5481282947e39da2afaa382c8789dcf2b32790734b95b63ca604718414e26da8,8,2,8,633,6,5,7.14798046070377,5.830987061599805,21.554347826086957,9.886788000805314,53368,True,False
calibration,5481282947e39da2afaa382c8789dcf2b32790734b95b63ca604718414e26da8,8,2,16,198,5,4,12.264021531298319,5.293499371644008,63.07225433526011,21.554347826086957,53368,False,False
calibration,5481282947e39da2afaa382c8789dcf2b32790734b95b63ca604718414e26da8,8,2,32,18,2,2,68.1606637218258,14.051561365286856,192.70047543581617,117.93607375686912,46200,False,False
calibration,5481282947e39da2afaa382c8789dcf2b32790734b95b63ca604718414e26da8,8,3,0,1118,6,5,9.208093951099961,6.002950396459524,22.263093788063337,15.652884672754602,53368,True,False
calibration,5481282947e39da2afaa382c8789dcf2b32790734b95b63ca604718414e26da8,8,3,4,934,6,5,8.768346539481525,5.87723983459683,22.263093788063337,11.91388429014303,53368,True,False
calibration,5481282947e39da2afaa382c8789dcf2b32790734b95b63ca604718414e26da8,8,3,8,633,6,5,7.14798046070377,5.830987061599805,21.554347826086957,9.886788000805314,53368,True,False
calibration,5481282947e39da2afaa382c8789dcf2b32790734b95b63ca604718414e26da8,8,3,16,198,5,4,12.264021531298319,5.293499371644008,63.07225433526011,21.554347826086957,53368,False,False
calibration,5481282947e39da2afaa382c8789dcf2b32790734b95b63ca604718414e26da8,8,3,32,18,2,2,68.1606637218258,14.051561365286856,192.70047543581617,117.93607375686912,46200,False,False
calibration,5481282947e39da2afaa382c8789dcf2b32790734b95b63ca604718414e26da8,8,4,0,1118,6,5,9.208093951099961,6.002950396459524,22.263093788063337,15.652884672754602,53368,True,False
calibration,5481282947e39da2afaa382c8789dcf2b32790734b95b63ca604718414e26da8,8,4,4,934,6,5,8.768346539481525,5.87723983459683,22.263093788063337,11.91388429014303,53368,True,False
calibration,5481282947e39da2afaa382c8789dcf2b32790734b95b63ca604718414e26da8,8,4,8,633,6,5,7.14798046070377,5.830987061599805,21.554347826086957,9.886788000805314,53368,True,False
calibration,5481282947e39da2afaa382c8789dcf2b32790734b95b63ca604718414e26da8,8,4,16,198,5,4,12.264021531298319,5.293499371644008,63.07225433526011,21.554347826086957,53368,False,False
calibration,5481282947e39da2afaa382c8789dcf2b32790734b95b63ca604718414e26da8,8,4,32,18,2,2,68.1606637218258,14.051561365286856,192.70047543581617,117.93607375686912,46200,False,False
calibration,5481282947e39da2afaa382c8789dcf2b32790734b95b63ca604718414e26da8,8,5,0,1118,6,5,9.208093951099961,6.002950396459524,22.263093788063337,15.652884672754602,53368,True,False
calibration,5481282947e39da2afaa382c8789dcf2b32790734b95b63ca604718414e26da8,8,5,4,934,6,5,8.768346539481525,5.87723983459683,22.263093788063337,11.91388429014303,53368,True,False
calibration,5481282947e39da2afaa382c8789dcf2b32790734b95b63ca604718414e26da8,8,5,8,633,6,5,7.14798046070377,5.830987061599805,21.554347826086957,9.886788000805314,53368,True,False
calibration,5481282947e39da2afaa382c8789dcf2b32790734b95b63ca604718414e26da8,8,5,16,198,5,4,12.264021531298319,5.293499371644008,63.07225433526011,21.554347826086957,53368,False,False
calibration,5481282947e39da2afaa382c8789dcf2b32790734b95b63ca604718414e26da8,8,5,32,18,2,2,68.1606637218258,14.051561365286856,192.70047543581617,117.93607375686912,46200,False,False
calibration,5481282947e39da2afaa382c8789dcf2b32790734b95b63ca604718414e26da8,8,6,0,1118,6,5,9.208093951099961,6.002950396459524,22.263093788063337,15.652884672754602,53368,True,False
calibration,5481282947e39da2afaa382c8789dcf2b32790734b95b63ca604718414e26da8,8,6,4,934,6,5,8.768346539481525,5.87723983459683,22.263093788063337,11.91388429014303,53368,True,False
calibration,5481282947e39da2afaa382c8789dcf2b32790734b95b63ca604718414e26da8,8,6,8,633,6,5,7.14798046070377,5.830987061599805,21.554347826086957,9.886788000805314,53368,True,False
calibration,5481282947e39da2afaa382c8789dcf2b32790734b95b63ca604718414e26da8,8,6,16,198,5,4,12.264021531298319,5.293499371644008,63.07225433526011,21.554347826086957,53368,False,False
calibration,5481282947e39da2afaa382c8789dcf2b32790734b95b63ca604718414e26da8,8,6,32,18,2,2,68.1606637218258,14.051561365286856,192.70047543581617,117.93607375686912,46200,False,False
calibration,5481282947e39da2afaa382c8789dcf2b32790734b95b63ca604718414e26da8,8,7,0,1118,6,5,9.208093951099961,6.002950396459524,22.263093788063337,15.652884672754602,53368,True,False
calibration,5481282947e39da2afaa382c8789dcf2b32790734b95b63ca604718414e26da8,8,7,4,934,6,5,8.768346539481525,5.87723983459683,22.263093788063337,11.91388429014303,53368,True,False
calibration,5481282947e39da2afaa382c8789dcf2b32790734b95b63ca604718414e26da8,8,7,8,633,6,5,7.14798046070377,5.830987061599805,21.554347826086957,9.886788000805314,53368,True,False
calibration,5481282947e39da2afaa382c8789dcf2b32790734b95b63ca604718414e26da8,8,7,16,198,5,4,12.264021531298319,5.293499371644008,63.07225433526011,21.554347826086957,53368,False,False
calibration,5481282947e39da2afaa382c8789dcf2b32790734b95b63ca604718414e26da8,8,7,32,18,2,2,68.1606637218258,14.051561365286856,192.70047543581617,117.93607375686912,46200,False,False
calibration,5481282947e39da2afaa382c8789dcf2b32790734b95b63ca604718414e26da8,8,8,0,1118,6,5,9.208093951099961,6.002950396459524,22.263093788063337,15.652884672754602,53368,True,False
calibration,5481282947e39da2afaa382c8789dcf2b32790734b95b63ca604718414e26da8,8,8,4,934,6,5,8.768346539481525,5.87723983459683,22.263093788063337,11.91388429014303,53368,True,False
calibration,5481282947e39da2afaa382c8789dcf2b32790734b95b63ca604718414e26da8,8,8,8,633,6,5,7.14798046070377,5.830987061599805,21.554347826086957,9.886788000805314,53368,True,False
calibration,5481282947e39da2afaa382c8789dcf2b32790734b95b63ca604718414e26da8,8,8,16,198,5,4,12.264021531298319,5.293499371644008,63.07225433526011,21.554347826086957,53368,False,False
calibration,5481282947e39da2afaa382c8789dcf2b32790734b95b63ca604718414e26da8,8,8,32,18,2,2,68.1606637218258,14.051561365286856,192.70047543581617,117.93607375686912,46200,False,False
calibration,5481282947e39da2afaa382c8789dcf2b32790734b95b63ca604718414e26da8,8,9,0,1060,4,4,9.12716353584775,6.035058737151248,25.160753880266075,15.356249449727066,53368,False,False
calibration,5481282947e39da2afaa382c8789dcf2b32790734b95b63ca604718414e26da8,8,9,4,876,4,4,8.671985815602836,5.802308078273959,25.160753880266075,11.617249067115495,53368,False,False
calibration,5481282947e39da2afaa382c8789dcf2b32790734b95b63ca604718414e26da8,8,9,8,603,4,4,7.062227360418442,5.827280779450842,17.892797319933,7.7987509121771685,53368,False,False
calibration,5481282947e39da2afaa382c8789dcf2b32790734b95b63ca604718414e26da8,8,9,16,187,3,3,12.199568815201143,5.293499371644008,63.07225433526011,28.832201471420486,53368,False,False
calibration,5481282947e39da2afaa382c8789dcf2b32790734b95b63ca604718414e26da8,8,9,32,18,2,2,68.1606637218258,14.051561365286856,192.70047543581617,117.93607375686912,46200,False,False
calibration,5481282947e39da2afaa382c8789dcf2b32790734b95b63ca604718414e26da8,8,10,0,1001,3,3,9.026304843836385,5.8786592376404,21.770854271356782,21.188193343898575,53368,False,False
calibration,5481282947e39da2afaa382c8789dcf2b32790734b95b63ca604718414e26da8,8,10,4,817,3,3,8.55591487363388,5.9323220536756125,21.770854271356782,13.710192578675434,53368,False,False
calibration,5481282947e39da2afaa382c8789dcf2b32790734b95b63ca604718414e26da8,8,10,8,563,3,3,6.930891986656426,5.932051997766967,19.52129221732746,6.073196268798782,53368,False,False
calibration,5481282947e39da2afaa382c8789dcf2b32790734b95b63ca604718414e26da8,8,10,16,185,2,2,12.216657729556523,5.293499371644008,63.07225433526011,45.9522279033403,53368,False,False
calibration,5481282947e39da2afaa382c8789dcf2b32790734b95b63ca604718414e26da8,8,10,32,18,2,2,68.1606637218258,14.051561365286856,192.70047543581617,117.93607375686912,46200,False,False
calibration,5481282947e39da2afaa382c8789dcf2b32790734b95b63ca604718414e26da8,8,11,0,960,3,3,8.869819660470782,5.871967184499913,23.150083752093803,21.423137876386686,53368,False,False
calibration,5481282947e39da2afaa382c8789dcf2b32790734b95b63ca604718414e26da8,8,11,4,788,3,3,8.380326043192055,5.902803118261735,23.150083752093803,13.710192578675434,53368,False,False
calibration,5481282947e39da2afaa382c8789dcf2b32790734b95b63ca604718414e26da8,8,11,8,534,3,3,6.717036987904303,6.050564477659405,23.587565674255693,6.073196268798782,53368,False,False
calibration,5481282947e39da2afaa382c8789dcf2b32790734b95b63ca604718414e26da8,8,11,16,170,2,2,11.873250665025232,5.0001054963603755,63.07225433526011,49.217496871634694,53368,False,False
calibration,5481282947e39da2afaa382c8789dcf2b32790734b95b63ca604718414e26da8,8,11,32,18,2,2,68.1606637218258,14.051561365286856,192.70047543581617,117.93607375686912,46200,False,False
calibration,5481282947e39da2afaa382c8789dcf2b32790734b95b63ca604718414e26da8,8,12,0,705,3,3,10.08021668679321,6.755504935459378,24.586151368760063,19.676718938480096,53368,False,False
calibration,5481282947e39da2afaa382c8789dcf2b32790734b95b63ca604718414e26da8,8,12,4,664,3,3,9.793233001881214,6.771314892004547,24.590255591054312,19.676718938480096,53368,False,False
calibration,5481282947e39da2afaa382c8789dcf2b32790734b95b63ca604718414e26da8,8,12,8,413,3,3,7.669552498655547,6.5967848856479945,17.091275844679778,7.161543222611925,53368,False,False
calibration,5481282947e39da2afaa382c8789dcf2b32790734b95b63ca604718414e26da8,8,12,16,149,2,2,10.819558902420928,3.9635390533534034,63.07225433526011,49.269233572067776,53368,False,False
calibration,5481282947e39da2afaa382c8789dcf2b32790734b95b63ca604718414e26da8,8,12,32,18,2,2,68.1606637218258,14.051561365286856,192.70047543581617,117.93607375686912,46200,False,False
validation,97b646e771b20a013f9c1c86b0928ca61079bd6140bfa5e0b977b575f696fa3b,2,2,0,15505,18,6,13.54480575525182,8.052631578947368,42.86607142857143,12.097079464478515,399688,True,False
validation,97b646e771b20a013f9c1c86b0928ca61079bd6140bfa5e0b977b575f696fa3b,2,2,4,3465,16,6,20.038763233683937,19.552644587246665,57.68421052631579,15.1434180417444,399688,True,False
validation,97b646e771b20a013f9c1c86b0928ca61079bd6140bfa5e0b977b575f696fa3b,2,2,8,2041,14,6,23.25628538780321,25.365508633243188,102.94285714285714,15.146179901938993,399688,True,False
validation,97b646e771b20a013f9c1c86b0928ca61079bd6140bfa5e0b977b575f696fa3b,2,2,16,903,8,4,25.578030683025833,30.909152657497028,78.91836734693878,31.294418437921728,399688,True,False
validation,97b646e771b20a013f9c1c86b0928ca61079bd6140bfa5e0b977b575f696fa3b,2,2,32,260,5,4,27.48589711517176,29.411750483558993,182.0864406779661,79.06879073135408,399688,False,False
validation,97b646e771b20a013f9c1c86b0928ca61079bd6140bfa5e0b977b575f696fa3b,2,2,64,74,2,2,38.9883966328522,25.35564389387076,105.50581527936146,73.62233329599164,399688,False,False
validation,97b646e771b20a013f9c1c86b0928ca61079bd6140bfa5e0b977b575f696fa3b,2,3,0,10326,17,6,17.029939298504914,13.733648881239242,43.61785714285714,16.581993569131832,399688,True,False
validation,97b646e771b20a013f9c1c86b0928ca61079bd6140bfa5e0b977b575f696fa3b,2,3,4,3459,16,6,20.059895975826993,19.577113198220463,57.68421052631579,15.55945988558815,399688,True,False
validation,97b646e771b20a013f9c1c86b0928ca61079bd6140bfa5e0b977b575f696fa3b,2,3,8,2041,14,6,23.25628538780321,25.365508633243188,102.94285714285714,15.146179901938993,399688,True,False
validation,97b646e771b20a013f9c1c86b0928ca61079bd6140bfa5e0b977b575f696fa3b,2,3,16,903,8,4,25.578030683025833,30.909152657497028,78.91836734693878,31.294418437921728,399688,True,False
validation,97b646e771b20a013f9c1c86b0928ca61079bd6140bfa5e0b977b575f696fa3b,2,3,32,260,5,4,27.48589711517176,29.411750483558993,182.0864406779661,79.06879073135408,399688,False,False
validation,97b646e771b20a013f9c1c86b0928ca61079bd6140bfa5e0b977b575f696fa3b,2,3,64,74,2,2,38.9883966328522,25.35564389387076,105.50581527936146,73.62233329599164,399688,False,False
validation,97b646e771b20a013f9c1c86b0928ca61079bd6140bfa5e0b977b575f696fa3b,2,4,0,7002,16,6,18.129767066430144,14.546818923327896,46.040277777777774,21.81249165977208,399688,True,False
validation,97b646e771b20a013f9c1c86b0928ca61079bd6140bfa5e0b977b575f696fa3b,2,4,4,3325,16,6,20.401751628057536,19.9637787567303,57.68421052631579,21.229322047603645,399688,True,False
validation,97b646e771b20a013f9c1c86b0928ca61079bd6140bfa5e0b977b575f696fa3b,2,4,8,2041,14,6,23.25628538780321,25.365508633243188,102.94285714285714,15.146179901938993,399688,True,False
validation,97b646e771b20a013f9c1c86b0928ca61079bd6140bfa5e0b977b575f696fa3b,2,4,16,903,8,4,25.578030683025833,30.909152657497028,78.91836734693878,31.294418437921728,399688,True,False
validation,97b646e771b20a013f9c1c86b0928ca61079bd6140bfa5e0b977b575f696fa3b,2,4,32,260,5,4,27.48589711517176,29.411750483558993,182.0864406779661,79.06879073135408,399688,False,False
validation,97b646e771b20a013f9c1c86b0928ca61079bd6140bfa5e0b977b575f696fa3b,2,4,64,74,2,2,38.9883966328522,25.35564389387076,105.50581527936146,73.62233329599164,399688,False,False
validation,97b646e771b20a013f9c1c86b0928ca61079bd6140bfa5e0b977b575f696fa3b,2,5,0,5711,14,6,18.797140502004986,15.106627393225331,49.63157894736842,25.077511737089203,399688,True,False
validation,97b646e771b20a013f9c1c86b0928ca61079bd6140bfa5e0b977b575f696fa3b,2,5,4,2997,14,6,20.924736731831608,21.260573308270676,61.83229813664596,28.28910299687611,399688,True,False
validation,97b646e771b20a013f9c1c86b0928ca61079bd6140bfa5e0b977b575f696fa3b,2,5,8,2020,12,5,23.39773808287465,25.404608677600166,50.010113780025286,22.246632029121194,399688,True,False
validation,97b646e771b20a013f9c1c86b0928ca61079bd6140bfa5e0b977b575f696fa3b,2,5,16,903,8,4,25.578030683025833,30.909152657497028,78.91836734693878,31.294418437921728,399688,True,False
validation,97b646e771b20a013f9c1c86b0928ca61079bd6140bfa5e0b977b575f696fa3b,2,5,32,260,5,4,27.48589711517176,29.411750483558993,182.0864406779661,79.06879073135408,399688,False,False
validation,97b646e771b20a013f9c1c86b0928ca61079bd6140bfa5e0b977b575f696fa3b,2,5,64,74,2,2,38.9883966328522,25.35564389387076,105.50581527936146,73.62233329599164,399688,False,False
validation,97b646e771b20a013f9c1c86b0928ca61079bd6140bfa5e0b977b575f696fa3b,2,6,0,5362,14,6,18.88508150251197,15.55065312046444,49.48148148148148,24.20616826503923,399688,True,False
validation,97b646e771b20a013f9c1c86b0928ca61079bd6140bfa5e0b977b575f696fa3b,2,6,4,2883,14,6,21.041355874962125,21.843443770415305,62.3375,25.920000947263723,399688,True,False
validation,97b646e771b20a013f9c1c86b0928ca61079bd6140bfa5e0b977b575f696fa3b,2,6,8,1985,12,5,23.464208812948257,24.997762863534675,49.5,25.3400258213128,399688,True,False
validation,97b646e771b20a013f9c1c86b0928ca61079bd6140bfa5e0b977b575f696fa3b,2,6,16,902,8,4,25.58927632333395,30.909152657497028,78.91836734693878,31.294418437921728,399688,True,False
validation,97b646e771b20a013f9c1c86b0928ca61079bd6140bfa5e0b977b575f696fa3b,2,6,32,260,5,4,27.48589711517176,29.411750483558993,182.0864406779661,79.06879073135408,399688,False,False
validation,97b646e771b20a013f9c1c86b0928ca61079bd6140bfa5e0b977b575f696fa3b,2,6,64,74,2,2,38.9883966328522,25.35564389387076,105.50581527936146,73.62233329599164,399688,False,False
validation,97b646e771b20a013f9c1c86b0928ca61079bd6140bfa5e0b977b575f696fa3b,2,7,0,3828,11,5,18.387975322290085,18.941800310398346,64.3170731707317,24.7875,399688,True,False
validation,97b646e771b20a013f9c1c86b0928ca61079bd6140bfa5e0b977b575f696fa3b,2,7,4,1973,11,5,20.749790166705104,25.085621313809234,64.66904761904762,14.524098124098124,399688,True,False
validation,97b646e771b20a013f9c1c86b0928ca61079bd6140bfa5e0b977b575f696fa3b,2,7,8,1390,10,5,23.45530579725897,27.073075492748234,67.14776632302406,13.606717560671084,399688,True,False
validation,97b646e771b20a013f9c1c86b0928ca61079bd6140bfa5e0b977b575f696fa3b,2,7,16,735,6,4,25.459592299643187,31.136501840294446,85.57142857142857,37.378020189631584,399688,True,False
validation,97b646e771b20a013f9c1c86b0928ca61079bd6140bfa5e0b977b575f696fa3b,2,7,32,260,5,4,27.48589711517176,29.411750483558993,182.0864406779661,79.06879073135408,399688,False,False
validation,97b646e771b20a013f9c1c86b0928ca61079bd6140bfa5e0b977b575f696fa3b,2,7,64,74,2,2,38.9883966328522,25.35564389387076,105.50581527936146,73.62233329599164,399688,False,False
validation,97b646e771b20a013f9c1c86b0928ca61079bd6140bfa5e0b977b575f696fa3b,2,8,0,3141,8,4,18.666001642124307,21.079295154185022,100.9186046511628,32.00817589944302,399688,True,False
validation,97b646e771b20a013f9c1c86b0928ca61079bd6140bfa5e0b977b575f696fa3b,2,8,4,1618,8,4,20.87816879427491,26.79374275782155,106.71627906976744,47.099983453570715,399688,True,False
validation,97b646e771b20a013f9c1c86b0928ca61079bd6140bfa5e0b977b575f696fa3b,2,8,8,1127,8,4,23.603574084942775,28.384367156686984,105.46039035591275,28.979685505057553,399688,True,False
validation,97b646e771b20a013f9c1c86b0928ca61079bd6140bfa5e0b977b575f696fa3b,2,8,16,639,6,4,25.15166958527314,29.66544655929722,125.70222222222222,37.3328157264587,399688,True,False
validation,97b646e771b20a013f9c1c86b0928ca61079bd6140bfa5e0b977b575f696fa3b,2,8,32,260,5,4,27.48589711517176,29.411750483558993,182.0864406779661,79.06879073135408,399688,False,False
validation,97b646e771b20a013f9c1c86b0928ca61079bd6140bfa5e0b977b575f696fa3b,2,8,64,74,2,2,38.9883966328522,25.35564389387076,105.50581527936146,73.62233329599164,399688,False,False
validation,97b646e771b20a013f9c1c86b0928ca61079bd6140bfa5e0b977b575f696fa3b,2,9,0,2239,7,4,19.4335624322704,25.548618664346314,116.78921078921078,24.182692307692307,399688,True,False
validation,97b646e771b20a013f9c1c86b0928ca61079bd6140bfa5e0b977b575f696fa3b,2,9,4,1278,7,4,21.278955339593473,27.480543318649044,119.63036963036963,43.07763401109057,399688,True,False
validation,97b646e771b20a013f9c1c86b0928ca61079bd6140bfa5e0b977b575f696fa3b,2,9,8,970,7,4,23.42992822934951,31.36673000518224,119.63036963036963,42.87658802177859,399688,True,False
validation,97b646e771b20a013f9c1c86b0928ca61079bd6140bfa5e0b977b575f696fa3b,2,9,16,571,5,4,24.67217287937918,28.4970592258241,134.9090909090909,28.247094274644855,399688,False,False
validation,97b646e771b20a013f9c1c86b0928ca61079bd6140bfa5e0b977b575f696fa3b,2,9,32,257,5,4,27.51384284285919,29.314786131299893,195.21112076455256,79.06879073135408,399688,False,False
validation,97b646e771b20a013f9c1c86b0928ca61079bd6140bfa5e0b977b575f696fa3b,2,9,64,74,2,2,38.9883966328522,25.35564389387076,105.50581527936146,73.62233329599164,399688,False,False
validation,97b646e771b20a013f9c1c86b0928ca61079bd6140bfa5e0b977b575f696fa3b,2,10,0,1117,6,4,22.522907024775144,28.60505557547508,132.55252100840337,37.889999656529184,399688,True,False
validation,97b646e771b20a013f9c1c86b0928ca61079bd6140bfa5e0b977b575f696fa3b,2,10,4,881,6,4,23.342344539278873,30.778134504900304,139.32773109243698,30.36962885398318,399688,True,False
validation,97b646e771b20a013f9c1c86b0928ca61079bd6140bfa5e0b977b575f696fa3b,2,10,8,798,5,4,23.933266853264133,30.523310211324407,139.32773109243698,45.58375634517766,399688,False,False
validation,97b646e771b20a013f9c1c86b0928ca61079bd6140bfa5e0b977b575f696fa3b,2,10,16,509,5,4,24.938924513401542,28.357455849156818,144.3981092436975,41.153225806451616,399688,False,False
validation,97b646e771b20a013f9c1c86b0928ca61079bd6140bfa5e0b977b575f696fa3b,2,10,32,255,5,4,27.333628000522776,29.314786131299893,195.21112076455256,79.06879073135408,399688,False,False
validation,97b646e771b20a013f9c1c86b0928ca61079bd6140bfa5e0b977b575f696fa3b,2,10,64,74,2,2,38.9883966328522,25.35564389387076,105.50581527936146,73.62233329599164,399688,False,False
validation,97b646e771b20a013f9c1c86b0928ca61079bd6140bfa5e0b977b575f696fa3b,2,11,0,652,5,4,25.094961295137075,29.165412445730826,135.85429141716565,61.2842190016103,399688,False,False
validation,97b646e771b20a013f9c1c86b0928ca61079bd6140bfa5e0b977b575f696fa3b,2,11,4,638,5,4,25.24205078533037,29.107168510271514,138.5309381237525,61.2842190016103,399688,False,False
validation,97b646e771b20a013f9c1c86b0928ca61079bd6140bfa5e0b977b575f696fa3b,2,11,8,601,5,4,25.48528928125466,28.911237553342815,138.5309381237525,61.2842190016103,399688,False,False
validation,97b646e771b20a013f9c1c86b0928ca61079bd6140bfa5e0b977b575f696fa3b,2,11,16,420,5,4,26.756313020905978,29.128502903307247,162.76123876123876,60.3059866962306,399688,False,False
validation,97b646e771b20a013f9c1c86b0928ca61079bd6140bfa5e0b977b575f696fa3b,2,11,32,255,5,4,27.333628000522776,29.314786131299893,195.21112076455256,79.06879073135408,399688,False,False
validation,97b646e771b20a013f9c1c86b0928ca61079bd6140bfa5e0b977b575f696fa3b,2,11,64,74,2,2,38.9883966328522,25.35564389387076,105.50581527936146,73.62233329599164,399688,False,False
validation,97b646e771b20a013f9c1c86b0928ca61079bd6140bfa5e0b977b575f696fa3b,2,12,0,585,5,4,25.167990833828128,29.08897048439486,159.10922787193974,73.88321167883211,399688,False,False
validation,97b646e771b20a013f9c1c86b0928ca61079bd6140bfa5e0b977b575f696fa3b,2,12,4,578,5,4,25.235221134220456,28.4970592258241,163.03201506591338,75.7860696517413,399688,False,False
validation,97b646e771b20a013f9c1c86b0928ca61079bd6140bfa5e0b977b575f696fa3b,2,12,8,541,5,4,25.49487045110946,28.37649108698566,163.03201506591338,73.25714285714285,399688,False,False
validation,97b646e771b20a013f9c1c86b0928ca61079bd6140bfa5e0b977b575f696fa3b,2,12,16,379,5,4,26.45492180800616,28.243471953578336,183.21135029354207,82.30925925925926,399688,False,False
validation,97b646e771b20a013f9c1c86b0928ca61079bd6140bfa5e0b977b575f696fa3b,2,12,32,245,4,3,27.54457197427994,29.314786131299893,195.21112076455256,57.640699713248935,399688,False,False
validation,97b646e771b20a013f9c1c86b0928ca61079bd6140bfa5e0b977b575f696fa3b,2,12,64,74,2,2,38.9883966328522,25.35564389387076,105.50581527936146,73.62233329599164,399688,False,False
validation,97b646e771b20a013f9c1c86b0928ca61079bd6140bfa5e0b977b575f696fa3b,3,2,0,7727,16,6,17.936131975676297,14.029535864978904,45.35,26.14522022022022,399688,True,False
validation,97b646e771b20a013f9c1c86b0928ca61079bd6140bfa5e0b977b575f696fa3b,3,2,4,3409,16,6,20.17849301139556,20.052255361104265,55.2,17.27454352681514,399688,True,False
validation,97b646e771b20a013f9c1c86b0928ca61079bd6140bfa5e0b977b575f696fa3b,3,2,8,2041,14,6,23.25628538780321,25.365508633243188,102.94285714285714,15.146179901938993,399688,True,False
validation,97b646e771b20a013f9c1c86b0928ca61079bd6140bfa5e0b977b575f696fa3b,3,2,16,903,8,4,25.578030683025833,30.909152657497028,78.91836734693878,31.294418437921728,399688,True,False
validation,97b646e771b20a013f9c1c86b0928ca61079bd6140bfa5e0b977b575f696fa3b,3,2,32,260,5,4,27.48589711517176,29.411750483558993,182.0864406779661,79.06879073135408,399688,False,False
validation,97b646e771b20a013f9c1c86b0928ca61079bd6140bfa5e0b977b575f696fa3b,3,2,64,74,2,2,38.9883966328522,25.35564389387076,105.50581527936146,73.62233329599164,399688,False,False
validation,97b646e771b20a013f9c1c86b0928ca61079bd6140bfa5e0b977b575f696fa3b,3,3,0,7535,16,6,17.905460770394956,14.202744425385935,43.38166666666667,26.14522022022022,399688,True,False
validation,97b646e771b20a013f9c1c86b0928ca61079bd6140bfa5e0b977b575f696fa3b,3,3,4,3409,16,6,20.17849301139556,20.052255361104265,55.2,17.27454352681514,399688,True,False
validation,97b646e771b20a013f9c1c86b0928ca61079bd6140bfa5e0b977b575f696fa3b,3,3,8,2041,14,6,23.25628538780321,25.365508633243188,102.94285714285714,15.146179901938993,399688,True,False
validation,97b646e771b20a013f9c1c86b0928ca61079bd6140bfa5e0b977b575f696fa3b,3,3,16,903,8,4,25.578030683025833,30.909152657497028,78.91836734693878,31.294418437921728,399688,True,False
validation,97b646e771b20a013f9c1c86b0928ca61079bd6140bfa5e0b977b575f696fa3b,3,3,32,260,5,4,27.48589711517176,29.411750483558993,182.0864406779661,79.06879073135408,399688,False,False
validation,97b646e771b20a013f9c1c86b0928ca61079bd6140bfa5e0b977b575f696fa3b,3,3,64,74,2,2,38.9883966328522,25.35564389387076,105.50581527936146,73.62233329599164,399688,False,False
validation,97b646e771b20a013f9c1c86b0928ca61079bd6140bfa5e0b977b575f696fa3b,3,4,0,6060,16,6,18.52481108394778,14.987594553706506,46.039370078740156,27.113750000000003,399688,True,False
validation,97b646e771b20a013f9c1c86b0928ca61079bd6140bfa5e0b977b575f696fa3b,3,4,4,3289,16,6,20.474912689736318,20.154541015625,55.2,20.236111149118607,399688,True,False
validation,97b646e771b20a013f9c1c86b0928ca61079bd6140bfa5e0b977b575f696fa3b,3,4,8,2041,14,6,23.25628538780321,25.365508633243188,102.94285714285714,15.146179901938993,399688,True,False
validation,97b646e771b20a013f9c1c86b0928ca61079bd6140bfa5e0b977b575f696fa3b,3,4,16,903,8,4,25.578030683025833,30.909152657497028,78.91836734693878,31.294418437921728,399688,True,False
validation,97b646e771b20a013f9c1c86b0928ca61079bd6140bfa5e0b977b575f696fa3b,3,4,32,260,5,4,27.48589711517176,29.411750483558993,182.0864406779661,79.06879073135408,399688,False,False
validation,97b646e771b20a013f9c1c86b0928ca61079bd6140bfa5e0b977b575f696fa3b,3,4,64,74,2,2,38.9883966328522,25.35564389387076,105.50581527936146,73.62233329599164,399688,False,False
validation,97b646e771b20a013f9c1c86b0928ca61079bd6140bfa5e0b977b575f696fa3b,3,5,0,5307,14,6,19.01700793532773,15.573448773448774,47.50625,33.26452702702703,399688,True,False
validation,97b646e771b20a013f9c1c86b0928ca61079bd6140bfa5e0b977b575f696fa3b,3,5,4,2970,14,6,20.997962640065023,21.516174402250353,61.5679012345679,28.18234143103981,399688,True,False
validation,97b646e771b20a013f9c1c86b0928ca61079bd6140bfa5e0b977b575f696fa3b,3,5,8,2020,12,5,23.39773808287465,25.404608677600166,50.010113780025286,22.246632029121194,399688,True,False
validation,97b646e771b20a013f9c1c86b0928ca61079bd6140bfa5e0b977b575f696fa3b,3,5,16,903,8,4,25.578030683025833,30.909152657497028,78.91836734693878,31.294418437921728,399688,True,False
validation,97b646e771b20a013f9c1c86b0928ca61079bd6140bfa5e0b977b575f696fa3b,3,5,32,260,5,4,27.48589711517176,29.411750483558993,182.0864406779661,79.06879073135408,399688,False,False
validation,97b646e771b20a013f9c1c86b0928ca61079bd6140bfa5e0b977b575f696fa3b,3,5,64,74,2,2,38.9883966328522,25.35564389387076,105.50581527936146,73.62233329599164,399688,False,False
validation,97b646e771b20a013f9c1c86b0928ca61079bd6140bfa5e0b977b575f696fa3b,3,6,0,5098,14,6,19.088312577150994,15.600851063829786,51.7,32.76173427152318,399688,True,False
validation,97b646e771b20a013f9c1c86b0928ca61079bd6140bfa5e0b977b575f696fa3b,3,6,4,2857,14,6,21.12238050801288,22.412709497206706,59.2,25.85131555052291,399688,True,False
validation,97b646e771b20a013f9c1c86b0928ca61079bd6140bfa5e0b977b575f696fa3b,3,6,8,1985,12,5,23.464208812948257,24.997762863534675,49.5,25.3400258213128,399688,True,False
validation,97b646e771b20a013f9c1c86b0928ca61079bd6140bfa5e0b977b575f696fa3b,3,6,16,902,8,4,25.58927632333395,30.909152657497028,78.91836734693878,31.294418437921728,399688,True,False
validation,97b646e771b20a013f9c1c86b0928ca61079bd6140bfa5e0b977b575f696fa3b,3,6,32,260,5,4,27.48589711517176,29.411750483558993,182.0864406779661,79.06879073135408,399688,False,False
validation,97b646e771b20a013f9c1c86b0928ca61079bd6140bfa5e0b977b575f696fa3b,3,6,64,74,2,2,38.9883966328522,25.35564389387076,105.50581527936146,73.62233329599164,399688,False,False
validation,97b646e771b20a013f9c1c86b0928ca61079bd6140bfa5e0b977b575f696fa3b,3,7,0,3633,11,5,18.603001883188867,19.334600760456272,64.26428571428572,49.142857142857146,399688,True,False
validation,97b646e771b20a013f9c1c86b0928ca61079bd6140bfa5e0b977b575f696fa3b,3,7,4,1948,11,5,20.846332443206112,25.026480695370932,64.66904761904762,15.253900709219858,399688,True,False
validation,97b646e771b20a013f9c1c86b0928ca61079bd6140bfa5e0b977b575f696fa3b,3,7,8,1390,10,5,23.45530579725897,27.073075492748234,67.14776632302406,13.606717560671084,399688,True,False
validation,97b646e771b20a013f9c1c86b0928ca61079bd6140bfa5e0b977b575f696fa3b,3,7,16,735,6,4,25.459592299643187,31.136501840294446,85.57142857142857,37.378020189631584,399688,True,False
validation,97b646e771b20a013f9c1c86b0928ca61079bd6140bfa5e0b977b575f696fa3b,3,7,32,260,5,4,27.48589711517176,29.411750483558993,182.0864406779661,79.06879073135408,399688,False,False
validation,97b646e771b20a013f9c1c86b0928ca61079bd6140bfa5e0b977b575f696fa3b,3,7,64,74,2,2,38.9883966328522,25.35564389387076,105.50581527936146,73.62233329599164,399688,False,False
validation,97b646e771b20a013f9c1c86b0928ca61079bd6140bfa5e0b977b575f696fa3b,3,8,0,3004,8,4,18.904673225867878,21.786300048239266,106.18139534883721,49.00919745845552,399688,True,False
validation,97b646e771b20a013f9c1c86b0928ca61079bd6140bfa5e0b977b575f696fa3b,3,8,4,1594,8,4,20.988794495403095,27.006759366550792,106.71627906976744,47.099983453570715,399688,True,False
validation,97b646e771b20a013f9c1c86b0928ca61079bd6140bfa5e0b977b575f696fa3b,3,8,8,1127,8,4,23.603574084942775,28.384367156686984,105.46039035591275,28.979685505057553,399688,True,False
validation,97b646e771b20a013f9c1c86b0928ca61079bd6140bfa5e0b977b575f696fa3b,3,8,16,639,6,4,25.15166958527314,29.66544655929722,125.70222222222222,37.3328157264587,399688,True,False
validation,97b646e771b20a013f9c1c86b0928ca61079bd6140bfa5e0b977b575f696fa3b,3,8,32,260,5,4,27.48589711517176,29.411750483558993,182.0864406779661,79.06879073135408,399688,False,False
validation,97b646e771b20a013f9c1c86b0928ca61079bd6140bfa5e0b977b575f696fa3b,3,8,64,74,2,2,38.9883966328522,25.35564389387076,105.50581527936146,73.62233329599164,399688,False,False
validation,97b646e771b20a013f9c1c86b0928ca61079bd6140bfa5e0b977b575f696fa3b,3,9,0,2149,7,4,19.68257894293978,25.416595380667236,118.438,42.31082331174838,399688,True,False
validation,97b646e771b20a013f9c1c86b0928ca61079bd6140bfa5e0b977b575f696fa3b,3,9,4,1254,7,4,21.40656117672136,27.391002194586687,119.63036963036963,43.07763401109057,399688,True,False
validation,97b646e771b20a013f9c1c86b0928ca61079bd6140bfa5e0b977b575f696fa3b,3,9,8,970,7,4,23.42992822934951,31.36673000518224,119.63036963036963,42.87658802177859,399688,True,False
validation,97b646e771b20a013f9c1c86b0928ca61079bd6140bfa5e0b977b575f696fa3b,3,9,16,571,5,4,24.67217287937918,28.4970592258241,134.9090909090909,28.247094274644855,399688,False,False
validation,97b646e771b20a013f9c1c86b0928ca61079bd6140bfa5e0b977b575f696fa3b,3,9,32,257,5,4,27.51384284285919,29.314786131299893,195.21112076455256,79.06879073135408,399688,False,False
validation,97b646e771b20a013f9c1c86b0928ca61079bd6140bfa5e0b977b575f696fa3b,3,9,64,74,2,2,38.9883966328522,25.35564389387076,105.50581527936146,73.62233329599164,399688,False,False
validation,97b646e771b20a013f9c1c86b0928ca61079bd6140bfa5e0b977b575f696fa3b,3,10,0,1043,6,4,22.93025284441185,28.96031046039866,145.2632743362832,37.722560029664834,399688,True,False
validation,97b646e771b20a013f9c1c86b0928ca61079bd6140bfa5e0b977b575f696fa3b,3,10,4,858,6,4,23.519618675494673,30.737035797925728,139.32773109243698,30.9561738490184,399688,True,False
validation,97b646e771b20a013f9c1c86b0928ca61079bd6140bfa5e0b977b575f696fa3b,3,10,8,798,5,4,23.933266853264133,30.523310211324407,139.32773109243698,45.58375634517766,399688,False,False
validation,97b646e771b20a013f9c1c86b0928ca61079bd6140bfa5e0b977b575f696fa3b,3,10,16,509,5,4,24.938924513401542,28.357455849156818,144.3981092436975,41.153225806451616,399688,False,False
validation,97b646e771b20a013f9c1c86b0928ca61079bd6140bfa5e0b977b575f696fa3b,3,10,32,255,5,4,27.333628000522776,29.314786131299893,195.21112076455256,79.06879073135408,399688,False,False
validation,97b646e771b20a013f9c1c86b0928ca61079bd6140bfa5e0b977b575f696fa3b,3,10,64,74,2,2,38.9883966328522,25.35564389387076,105.50581527936146,73.62233329599164,399688,False,False
validation,97b646e771b20a013f9c1c86b0928ca61079bd6140bfa5e0b977b575f696fa3b,3,11,0,616,5,4,25.475211995300732,28.911237553342815,137.32967032967034,61.2842190016103,399688,False,False
validation,97b646e771b20a013f9c1c86b0928ca61079bd6140bfa5e0b977b575f696fa3b,3,11,4,615,5,4,25.480341388814885,28.911237553342815,138.5309381237525,61.2842190016103,399688,False,False
validation,97b646e771b20a013f9c1c86b0928ca61079bd6140bfa5e0b977b575f696fa3b,3,11,8,601,5,4,25.48528928125466,28.911237553342815,138.5309381237525,61.2842190016103,399688,False,False
validation,97b646e771b20a013f9c1c86b0928ca61079bd6140bfa5e0b977b575f696fa3b,3,11,16,420,5,4,26.756313020905978,29.128502903307247,162.76123876123876,60.3059866962306,399688,False,False
validation,97b646e771b20a013f9c1c86b0928ca61079bd6140bfa5e0b977b575f696fa3b,3,11,32,255,5,4,27.333628000522776,29.314786131299893,195.21112076455256,79.06879073135408,399688,False,False
validation,97b646e771b20a013f9c1c86b0928ca61079bd6140bfa5e0b977b575f696fa3b,3,11,64,74,2,2,38.9883966328522,25.35564389387076,105.50581527936146,73.62233329599164,399688,False,False
validation,97b646e771b20a013f9c1c86b0928ca61079bd6140bfa5e0b977b575f696fa3b,3,12,0,556,5,4,25.48407770879231,28.37649108698566,164.16218809980805,75.7860696517413,399688,False,False
validation,97b646e771b20a013f9c1c86b0928ca61079bd6140bfa5e0b977b575f696fa3b,3,12,4,555,5,4,25.489556980201133,28.37649108698566,163.03201506591338,75.7860696517413,399688,False,False
validation,97b646e771b20a013f9c1c86b0928ca61079bd6140bfa5e0b977b575f696fa3b,3,12,8,541,5,4,25.49487045110946,28.37649108698566,163.03201506591338,73.25714285714285,399688,False,False
validation,97b646e771b20a013f9c1c86b0928ca61079bd6140bfa5e0b977b575f696fa3b,3,12,16,379,5,4,26.45492180800616,28.243471953578336,183.21135029354207,82.30925925925926,399688,False,False
validation,97b646e771b20a013f9c1c86b0928ca61079bd6140bfa5e0b977b575f696fa3b,3,12,32,245,4,3,27.54457197427994,29.314786131299893,195.21112076455256,57.640699713248935,399688,False,False
validation,97b646e771b20a013f9c1c86b0928ca61079bd6140bfa5e0b977b575f696fa3b,3,12,64,74,2,2,38.9883966328522,25.35564389387076,105.50581527936146,73.62233329599164,399688,False,False
validation,97b646e771b20a013f9c1c86b0928ca61079bd6140bfa5e0b977b575f696fa3b,4,2,0,5448,15,6,19.534941784403582,16.08804841149773,56.141176470588235,27.24920634920635,399688,True,False
validation,97b646e771b20a013f9c1c86b0928ca61079bd6140bfa5e0b977b575f696fa3b,4,2,4,3105,15,6,21.650610067885765,21.54769001490313,49.368070953436806,15.02952670429874,399688,True,False
validation,97b646e771b20a013f9c1c86b0928ca61079bd6140bfa5e0b977b575f696fa3b,4,2,8,1987,14,6,24.620074418734355,26.113023157000214,102.94285714285714,17.988432819936484,399688,True,False
validation,97b646e771b20a013f9c1c86b0928ca61079bd6140bfa5e0b977b575f696fa3b,4,2,16,899,8,4,25.939042770505207,31.463983416825013,78.91836734693878,31.294418437921728,399688,True,False
validation,97b646e771b20a013f9c1c86b0928ca61079bd6140bfa5e0b977b575f696fa3b,4,2,32,260,5,4,27.48589711517176,29.411750483558993,182.0864406779661,79.06879073135408,399688,False,False
validation,97b646e771b20a013f9c1c86b0928ca61079bd6140bfa5e0b977b575f696fa3b,4,2,64,74,2,2,38.9883966328522,25.35564389387076,105.50581527936146,73.62233329599164,399688,False,False
validation,97b646e771b20a013f9c1c86b0928ca61079bd6140bfa5e0b977b575f696fa3b,4,3,0,5405,15,6,19.52636348730924,16.169742813918305,56.141176470588235,27.24920634920635,399688,True,False
validation,97b646e771b20a013f9c1c86b0928ca61079bd6140bfa5e0b977b575f696fa3b,4,3,4,3105,15,6,21.650610067885765,21.54769001490313,49.368070953436806,15.02952670429874,399688,True,False
validation,97b646e771b20a013f9c1c86b0928ca61079bd6140bfa5e0b977b575f696fa3b,4,3,8,1987,14,6,24.620074418734355,26.113023157000214,102.94285714285714,17.988432819936484,399688,True,False
validation,97b646e771b20a013f9c1c86b0928ca61079bd6140bfa5e0b977b575f696fa3b,4,3,16,899,8,4,25.939042770505207,31.463983416825013,78.91836734693878,31.294418437921728,399688,True,False
validation,97b646e771b20a013f9c1c86b0928ca61079bd6140bfa5e0b977b575f696fa3b,4,3,32,260,5,4,27.48589711517176,29.411750483558993,182.0864406779661,79.06879073135408,399688,False,False
validation,97b646e771b20a013f9c1c86b0928ca61079bd6140bfa5e0b977b575f696fa3b,4,3,64,74,2,2,38.9883966328522,25.35564389387076,105.50581527936146,73.62233329599164,399688,False,False
validation,97b646e771b20a013f9c1c86b0928ca61079bd6140bfa5e0b977b575f696fa3b,4,4,0,5388,15,6,19.520903926956393,16.184871406959154,56.141176470588235,27.24920634920635,399688,True,False
validation,97b646e771b20a013f9c1c86b0928ca61079bd6140bfa5e0b977b575f696fa3b,4,4,4,3105,15,6,21.650610067885765,21.54769001490313,49.368070953436806,15.02952670429874,399688,True,False
validation,97b646e771b20a013f9c1c86b0928ca61079bd6140bfa5e0b977b575f696fa3b,4,4,8,1987,14,6,24.620074418734355,26.113023157000214,102.94285714285714,17.988432819936484,399688,True,False
validation,97b646e771b20a013f9c1c86b0928ca61079bd6140bfa5e0b977b575f696fa3b,4,4,16,899,8,4,25.939042770505207,31.463983416825013,78.91836734693878,31.294418437921728,399688,True,False
validation,97b646e771b20a013f9c1c86b0928ca61079bd6140bfa5e0b977b575f696fa3b,4,4,32,260,5,4,27.48589711517176,29.411750483558993,182.0864406779661,79.06879073135408,399688,False,False
validation,97b646e771b20a013f9c1c86b0928ca61079bd6140bfa5e0b977b575f696fa3b,4,4,64,74,2,2,38.9883966328522,25.35564389387076,105.50581527936146,73.62233329599164,399688,False,False
validation,97b646e771b20a013f9c1c86b0928ca61079bd6140bfa5e0b977b575f696fa3b,4,5,0,5006,14,6,19.752259313873957,16.26442166910688,49.690537084398976,28.131022467684318,399688,True,False
validation,97b646e771b20a013f9c1c86b0928ca61079bd6140bfa5e0b977b575f696fa3b,4,5,4,2876,14,6,21.971758602917493,22.776893391220455,49.690537084398976,22.93614433645955,399688,True,False
validation,97b646e771b20a013f9c1c86b0928ca61079bd6140bfa5e0b977b575f696fa3b,4,5,8,1968,12,5,24.772966209522384,26.204801359677077,49.4975,25.08888494711869,399688,True,False
validation,97b646e771b20a013f9c1c86b0928ca61079bd6140bfa5e0b977b575f696fa3b,4,5,16,899,8,4,25.939042770505207,31.463983416825013,78.91836734693878,31.294418437921728,399688,True,False
validation,97b646e771b20a013f9c1c86b0928ca61079bd6140bfa5e0b977b575f696fa3b,4,5,32,260,5,4,27.48589711517176,29.411750483558993,182.0864406779661,79.06879073135408,399688,False,False
validation,97b646e771b20a013f9c1c86b0928ca61079bd6140bfa5e0b977b575f696fa3b,4,5,64,74,2,2,38.9883966328522,25.35564389387076,105.50581527936146,73.62233329599164,399688,False,False
validation,97b646e771b20a013f9c1c86b0928ca61079bd6140bfa5e0b977b575f696fa3b,4,6,0,4890,14,6,19.822805105693817,16.544237485448196,50.1381074168798,30.147251433127067,399688,True,False
validation,97b646e771b20a013f9c1c86b0928ca61079bd6140bfa5e0b977b575f696fa3b,4,6,4,2784,14,6,22.111582318363734,23.20139222275564,50.1381074168798,22.93614433645955,399688,True,False
validation,97b646e771b20a013f9c1c86b0928ca61079bd6140bfa5e0b977b575f696fa3b,4,6,8,1934,12,5,24.86061209701876,26.209837449862782,49.91125,28.182278739310295,399688,True,False
validation,97b646e771b20a013f9c1c86b0928ca61079bd6140bfa5e0b977b575f696fa3b,4,6,16,898,8,4,25.950881831361983,31.463983416825013,78.91836734693878,31.294418437921728,399688,True,False
validation,97b646e771b20a013f9c1c86b0928ca61079bd6140bfa5e0b977b575f696fa3b,4,6,32,260,5,4,27.48589711517176,29.411750483558993,182.0864406779661,79.06879073135408,399688,False,False
validation,97b646e771b20a013f9c1c86b0928ca61079bd6140bfa5e0b977b575f696fa3b,4,6,64,74,2,2,38.9883966328522,25.35564389387076,105.50581527936146,73.62233329599164,399688,False,False
validation,97b646e771b20a013f9c1c86b0928ca61079bd6140bfa5e0b977b575f696fa3b,4,7,0,3469,11,5,19.4414692886001,20.52140077821012,65.26428571428572,36.686070686070686,399688,True,False
validation,97b646e771b20a013f9c1c86b0928ca61079bd6140bfa5e0b977b575f696fa3b,4,7,4,1877,11,5,22.02584992787611,26.66526227090794,65.26428571428572,12.868175765645805,399688,True,False
validation,97b646e771b20a013f9c1c86b0928ca61079bd6140bfa5e0b977b575f696fa3b,4,7,8,1339,10,5,25.111806321131862,28.025767336112164,67.14776632302406,16.546246163135912,399688,True,False
validation,97b646e771b20a013f9c1c86b0928ca61079bd6140bfa5e0b977b575f696fa3b,4,7,16,731,6,4,25.845424055461717,32.5480093676815,85.57142857142857,37.378020189631584,399688,True,False
validation,97b646e771b20a013f9c1c86b0928ca61079bd6140bfa5e0b977b575f696fa3b,4,7,32,260,5,4,27.48589711517176,29.411750483558993,182.0864406779661,79.06879073135408,399688,False,False
validation,97b646e771b20a013f9c1c86b0928ca61079bd6140bfa5e0b977b575f696fa3b,4,7,64,74,2,2,38.9883966328522,25.35564389387076,105.50581527936146,73.62233329599164,399688,False,False
validation,97b646e771b20a013f9c1c86b0928ca61079bd6140bfa5e0b977b575f696fa3b,4,8,0,2867,8,4,19.860261332351705,23.339841819080572,104.2358276643991,31.921985777545007,399688,True,False
validation,97b646e771b20a013f9c1c86b0928ca61079bd6140bfa5e0b977b575f696fa3b,4,8,4,1530,8,4,22.316297043382264,27.685586112736495,104.2358276643991,30.607469206492578,399688,True,False
validation,97b646e771b20a013f9c1c86b0928ca61079bd6140bfa5e0b977b575f696fa3b,4,8,8,1076,8,4,25.477084777384707,29.522371771553292,104.2358276643991,31.86778850540916,399688,True,False
validation,97b646e771b20a013f9c1c86b0928ca61079bd6140bfa5e0b977b575f696fa3b,4,8,16,635,6,4,25.551954106079794,32.37178463013261,125.70222222222222,37.3328157264587,399688,True,False
validation,97b646e771b20a013f9c1c86b0928ca61079bd6140bfa5e0b977b575f696fa3b,4,8,32,260,5,4,27.48589711517176,29.411750483558993,182.0864406779661,79.06879073135408,399688,False,False
validation,97b646e771b20a013f9c1c86b0928ca61079bd6140bfa5e0b977b575f696fa3b,4,8,64,74,2,2,38.9883966328522,25.35564389387076,105.50581527936146,73.62233329599164,399688,False,False
validation,97b646e771b20a013f9c1c86b0928ca61079bd6140bfa5e0b977b575f696fa3b,4,9,0,2046,7,4,20.905116639746556,26.582079790712886,120.82035928143712,24.250554323725055,399688,True,False
validation,97b646e771b20a013f9c1c86b0928ca61079bd6140bfa5e0b977b575f696fa3b,4,9,4,1198,7,4,22.961541933190524,28.581560283687942,120.82035928143712,21.335664335664337,399688,True,False
validation,97b646e771b20a013f9c1c86b0928ca61079bd6140bfa5e0b977b575f696fa3b,4,9,8,919,7,4,25.43286899886026,32.05212185243881,120.82035928143712,21.289818688981867,399688,True,False
validation,97b646e771b20a013f9c1c86b0928ca61079bd6140bfa5e0b977b575f696fa3b,4,9,16,567,5,4,25.07798690671031,31.466847908170973,134.9090909090909,28.247094274644855,399688,False,False
validation,97b646e771b20a013f9c1c86b0928ca61079bd6140bfa5e0b977b575f696fa3b,4,9,32,257,5,4,27.51384284285919,29.314786131299893,195.21112076455256,79.06879073135408,399688,False,False
validation,97b646e771b20a013f9c1c86b0928ca61079bd6140bfa5e0b977b575f696fa3b,4,9,64,74,2,2,38.9883966328522,25.35564389387076,105.50581527936146,73.62233329599164,399688,False,False
validation,97b646e771b20a013f9c1c86b0928ca61079bd6140bfa5e0b977b575f696fa3b,4,10,0,955,6,4,25.026954164379667,32.4924973204716,133.962,40.30941271031465,399688,True,False
validation,97b646e771b20a013f9c1c86b0928ca61079bd6140bfa5e0b977b575f696fa3b,4,10,4,804,6,4,25.710743763068685,31.866530820173203,133.962,33.720212198347035,399688,True,False
validation,97b646e771b20a013f9c1c86b0928ca61079bd6140bfa5e0b977b575f696fa3b,4,10,8,748,5,4,26.229229283405918,32.414379525172585,133.962,45.58375634517766,399688,False,False
validation,97b646e771b20a013f9c1c86b0928ca61079bd6140bfa5e0b977b575f696fa3b,4,10,16,505,5,4,25.37308490244634,29.210778279305156,144.3981092436975,41.153225806451616,399688,False,False
validation,97b646e771b20a013f9c1c86b0928ca61079bd6140bfa5e0b977b575f696fa3b,4,10,32,255,5,4,27.333628000522776,29.314786131299893,195.21112076455256,79.06879073135408,399688,False,False
validation,97b646e771b20a013f9c1c86b0928ca61079bd6140bfa5e0b977b575f696fa3b,4,10,64,74,2,2,38.9883966328522,25.35564389387076,105.50581527936146,73.62233329599164,399688,False,False
validation,97b646e771b20a013f9c1c86b0928ca61079bd6140bfa5e0b977b575f696fa3b,4,11,0,570,5,4,27.92770594743806,31.466847908170973,138.5309381237525,61.2842190016103,399688,False,False
validation,97b646e771b20a013f9c1c86b0928ca61079bd6140bfa5e0b977b575f696fa3b,4,11,4,570,5,4,27.92770594743806,31.466847908170973,138.5309381237525,61.2842190016103,399688,False,False
validation,97b646e771b20a013f9c1c86b0928ca61079bd6140bfa5e0b977b575f696fa3b,4,11,8,560,5,4,27.926283533227902,31.466847908170973,138.5309381237525,61.2842190016103,399688,False,False
validation,97b646e771b20a013f9c1c86b0928ca61079bd6140bfa5e0b977b575f696fa3b,4,11,16,416,5,4,27.305253219023857,29.71767268999103,162.76123876123876,60.3059866962306,399688,False,False
validation,97b646e771b20a013f9c1c86b0928ca61079bd6140bfa5e0b977b575f696fa3b,4,11,32,255,5,4,27.333628000522776,29.314786131299893,195.21112076455256,79.06879073135408,399688,False,False
validation,97b646e771b20a013f9c1c86b0928ca61079bd6140bfa5e0b977b575f696fa3b,4,11,64,74,2,2,38.9883966328522,25.35564389387076,105.50581527936146,73.62233329599164,399688,False,False
validation,97b646e771b20a013f9c1c86b0928ca61079bd6140bfa5e0b977b575f696fa3b,4,12,0,517,5,4,27.578589920594588,29.210778279305156,163.03201506591338,75.7860696517413,399688,False,False
validation,97b646e771b20a013f9c1c86b0928ca61079bd6140bfa5e0b977b575f696fa3b,4,12,4,517,5,4,27.578589920594588,29.210778279305156,163.03201506591338,75.7860696517413,399688,False,False
validation,97b646e771b20a013f9c1c86b0928ca61079bd6140bfa5e0b977b575f696fa3b,4,12,8,507,5,4,27.576210983025987,29.210778279305156,163.03201506591338,73.25714285714285,399688,False,False
validation,97b646e771b20a013f9c1c86b0928ca61079bd6140bfa5e0b977b575f696fa3b,4,12,16,375,5,4,27.023438033882723,29.232982982982982,183.21135029354207,82.30925925925926,399688,False,False
validation,97b646e771b20a013f9c1c86b0928ca61079bd6140bfa5e0b977b575f696fa3b,4,12,32,245,4,3,27.54457197427994,29.314786131299893,195.21112076455256,57.640699713248935,399688,False,False
validation,97b646e771b20a013f9c1c86b0928ca61079bd6140bfa5e0b977b575f696fa3b,4,12,64,74,2,2,38.9883966328522,25.35564389387076,105.50581527936146,73.62233329599164,399688,False,False
validation,97b646e771b20a013f9c1c86b0928ca61079bd6140bfa5e0b977b575f696fa3b,5,2,0,3163,14,6,20.841037047114032,21.06036217303823,58.098765432098766,26.5924813320745,399688,True,False
validation,97b646e771b20a013f9c1c86b0928ca61079bd6140bfa5e0b977b575f696fa3b,5,2,4,2333,13,5,22.119771876780273,26.264043666136,58.01428571428571,20.94733893557423,399688,True,False
validation,97b646e771b20a013f9c1c86b0928ca61079bd6140bfa5e0b977b575f696fa3b,5,2,8,1770,11,4,25.172133259387678,26.542897900957815,58.01428571428571,29.490022172949,399688,True,False
validation,97b646e771b20a013f9c1c86b0928ca61079bd6140bfa5e0b977b575f696fa3b,5,2,16,880,8,4,25.875263489353728,31.463983416825013,71.08419958419958,31.294418437921728,399688,True,False
validation,97b646e771b20a013f9c1c86b0928ca61079bd6140bfa5e0b977b575f696fa3b,5,2,32,258,5,4,27.439704027381715,29.314786131299893,190.04745762711863,79.06879073135408,399688,False,False
validation,97b646e771b20a013f9c1c86b0928ca61079bd6140bfa5e0b977b575f696fa3b,5,2,64,74,2,2,38.9883966328522,25.35564389387076,105.50581527936146,73.62233329599164,399688,False,False
validation,97b646e771b20a013f9c1c86b0928ca61079bd6140bfa5e0b977b575f696fa3b,5,3,0,3140,14,6,20.83399401723102,21.25930583501006,58.01428571428571,26.5924813320745,399688,True,False
validation,97b646e771b20a013f9c1c86b0928ca61079bd6140bfa5e0b977b575f696fa3b,5,3,4,2333,13,5,22.119771876780273,26.264043666136,58.01428571428571,20.94733893557423,399688,True,False
validation,97b646e771b20a013f9c1c86b0928ca61079bd6140bfa5e0b977b575f696fa3b,5,3,8,1770,11,4,25.172133259387678,26.542897900957815,58.01428571428571,29.490022172949,399688,True,False
validation,97b646e771b20a013f9c1c86b0928ca61079bd6140bfa5e0b977b575f696fa3b,5,3,16,880,8,4,25.875263489353728,31.463983416825013,71.08419958419958,31.294418437921728,399688,True,False
validation,97b646e771b20a013f9c1c86b0928ca61079bd6140bfa5e0b977b575f696fa3b,5,3,32,258,5,4,27.439704027381715,29.314786131299893,190.04745762711863,79.06879073135408,399688,False,False
validation,97b646e771b20a013f9c1c86b0928ca61079bd6140bfa5e0b977b575f696fa3b,5,3,64,74,2,2,38.9883966328522,25.35564389387076,105.50581527936146,73.62233329599164,399688,False,False
validation,97b646e771b20a013f9c1c86b0928ca61079bd6140bfa5e0b977b575f696fa3b,5,4,0,3136,14,6,20.832122920893546,21.274075936635654,58.01428571428571,26.5924813320745,399688,True,False
validation,97b646e771b20a013f9c1c86b0928ca61079bd6140bfa5e0b977b575f696fa3b,5,4,4,2333,13,5,22.119771876780273,26.264043666136,58.01428571428571,20.94733893557423,399688,True,False
validation,97b646e771b20a013f9c1c86b0928ca61079bd6140bfa5e0b977b575f696fa3b,5,4,8,1770,11,4,25.172133259387678,26.542897900957815,58.01428571428571,29.490022172949,399688,True,False
validation,97b646e771b20a013f9c1c86b0928ca61079bd6140bfa5e0b977b575f696fa3b,5,4,16,880,8,4,25.875263489353728,31.463983416825013,71.08419958419958,31.294418437921728,399688,True,False
validation,97b646e771b20a013f9c1c86b0928ca61079bd6140bfa5e0b977b575f696fa3b,5,4,32,258,5,4,27.439704027381715,29.314786131299893,190.04745762711863,79.06879073135408,399688,False,False
validation,97b646e771b20a013f9c1c86b0928ca61079bd6140bfa5e0b977b575f696fa3b,5,4,64,74,2,2,38.9883966328522,25.35564389387076,105.50581527936146,73.62233329599164,399688,False,False
validation,97b646e771b20a013f9c1c86b0928ca61079bd6140bfa5e0b977b575f696fa3b,5,5,0,3134,14,6,20.830092870115912,21.274075936635654,58.01428571428571,26.5924813320745,399688,True,False
validation,97b646e771b20a013f9c1c86b0928ca61079bd6140bfa5e0b977b575f696fa3b,5,5,4,2333,13,5,22.119771876780273,26.264043666136,58.01428571428571,20.94733893557423,399688,True,False
validation,97b646e771b20a013f9c1c86b0928ca61079bd6140bfa5e0b977b575f696fa3b,5,5,8,1770,11,4,25.172133259387678,26.542897900957815,58.01428571428571,29.490022172949,399688,True,False
validation,97b646e771b20a013f9c1c86b0928ca61079bd6140bfa5e0b977b575f696fa3b,5,5,16,880,8,4,25.875263489353728,31.463983416825013,71.08419958419958,31.294418437921728,399688,True,False
validation,97b646e771b20a013f9c1c86b0928ca61079bd6140bfa5e0b977b575f696fa3b,5,5,32,258,5,4,27.439704027381715,29.314786131299893,190.04745762711863,79.06879073135408,399688,False,False
validation,97b646e771b20a013f9c1c86b0928ca61079bd6140bfa5e0b977b575f696fa3b,5,5,64,74,2,2,38.9883966328522,25.35564389387076,105.50581527936146,73.62233329599164,399688,False,False
validation,97b646e771b20a013f9c1c86b0928ca61079bd6140bfa5e0b977b575f696fa3b,5,6,0,3089,14,6,20.9100839970913,21.561643835616437,58.15952380952381,23.510709702331603,399688,True,False
validation,97b646e771b20a013f9c1c86b0928ca61079bd6140bfa5e0b977b575f696fa3b,5,6,4,2289,13,5,22.225770072684735,26.02211796246649,58.15952380952381,20.94733893557423,399688,True,False
validation,97b646e771b20a013f9c1c86b0928ca61079bd6140bfa5e0b977b575f696fa3b,5,6,8,1743,11,4,25.224480253853272,26.51738865161684,58.15952380952381,25.765625,399688,True,False
validation,97b646e771b20a013f9c1c86b0928ca61079bd6140bfa5e0b977b575f696fa3b,5,6,16,879,8,4,25.887202424839916,31.49060182790136,71.08419958419958,31.294418437921728,399688,True,False
validation,97b646e771b20a013f9c1c86b0928ca61079bd6140bfa5e0b977b575f696fa3b,5,6,32,258,5,4,27.439704027381715,29.314786131299893,190.04745762711863,79.06879073135408,399688,False,False
validation,97b646e771b20a013f9c1c86b0928ca61079bd6140bfa5e0b977b575f696fa3b,5,6,64,74,2,2,38.9883966328522,25.35564389387076,105.50581527936146,73.62233329599164,399688,False,False
validation,97b646e771b20a013f9c1c86b0928ca61079bd6140bfa5e0b977b575f696fa3b,5,7,0,2444,11,5,20.722743754580726,25.00721601489758,69.8127147766323,24.047722342733188,399688,True,False
validation,97b646e771b20a013f9c1c86b0928ca61079bd6140bfa5e0b977b575f696fa3b,5,7,4,1706,11,5,22.20935022419586,26.882959369314737,69.8127147766323,12.924055512721665,399688,True,False
validation,97b646e771b20a013f9c1c86b0928ca61079bd6140bfa5e0b977b575f696fa3b,5,7,8,1239,9,4,25.270001276827895,28.058417319895483,69.8127147766323,21.232212885154063,399688,True,False
validation,97b646e771b20a013f9c1c86b0928ca61079bd6140bfa5e0b977b575f696fa3b,5,7,16,717,6,4,25.721211979452086,32.38688416543088,81.40878378378379,37.41956731012819,399688,True,False
validation,97b646e771b20a013f9c1c86b0928ca61079bd6140bfa5e0b977b575f696fa3b,5,7,32,258,5,4,27.439704027381715,29.314786131299893,190.04745762711863,79.06879073135408,399688,False,False
validation,97b646e771b20a013f9c1c86b0928ca61079bd6140bfa5e0b977b575f696fa3b,5,7,64,74,2,2,38.9883966328522,25.35564389387076,105.50581527936146,73.62233329599164,399688,False,False
validation,97b646e771b20a013f9c1c86b0928ca61079bd6140bfa5e0b977b575f696fa3b,5,8,0,2040,8,4,21.254686255897738,26.524254948879705,103.33877551020409,34.230015629244406,399688,True,False
validation,97b646e771b20a013f9c1c86b0928ca61079bd6140bfa5e0b977b575f696fa3b,5,8,4,1432,8,4,22.309933768113552,27.80108359133127,103.33877551020409,31.994830247695912,399688,True,False
validation,97b646e771b20a013f9c1c86b0928ca61079bd6140bfa5e0b977b575f696fa3b,5,8,8,1017,8,4,25.29040570586516,31.680193930687736,103.33877551020409,31.855998242364493,399688,True,False
validation,97b646e771b20a013f9c1c86b0928ca61079bd6140bfa5e0b977b575f696fa3b,5,8,16,623,6,4,25.416729903996366,32.37178463013261,125.70222222222222,37.3328157264587,399688,True,False
validation,97b646e771b20a013f9c1c86b0928ca61079bd6140bfa5e0b977b575f696fa3b,5,8,32,258,5,4,27.439704027381715,29.314786131299893,190.04745762711863,79.06879073135408,399688,False,False
validation,97b646e771b20a013f9c1c86b0928ca61079bd6140bfa5e0b977b575f696fa3b,5,8,64,74,2,2,38.9883966328522,25.35564389387076,105.50581527936146,73.62233329599164,399688,False,False
validation,97b646e771b20a013f9c1c86b0928ca61079bd6140bfa5e0b977b575f696fa3b,5,9,0,1524,7,4,22.054127808845557,27.728853291658528,133.46146245059288,25.783080260303688,399688,True,False
validation,97b646e771b20a013f9c1c86b0928ca61079bd6140bfa5e0b977b575f696fa3b,5,9,4,1143,7,4,22.892371985374517,29.396987727779845,133.46146245059288,21.289818688981867,399688,True,False
validation,97b646e771b20a013f9c1c86b0928ca61079bd6140bfa5e0b977b575f696fa3b,5,9,8,882,7,4,25.272680388923327,31.84909949291834,133.46146245059288,21.289818688981867,399688,True,False
validation,97b646e771b20a013f9c1c86b0928ca61079bd6140bfa5e0b977b575f696fa3b,5,9,16,558,5,4,24.963980114730184,30.639218523878437,133.46146245059288,28.247094274644855,399688,False,False
validation,97b646e771b20a013f9c1c86b0928ca61079bd6140bfa5e0b977b575f696fa3b,5,9,32,255,5,4,27.467382154115267,29.314786131299893,204.47871416159862,79.06879073135408,399688,False,False
validation,97b646e771b20a013f9c1c86b0928ca61079bd6140bfa5e0b977b575f696fa3b,5,9,64,74,2,2,38.9883966328522,25.35564389387076,105.50581527936146,73.62233329599164,399688,False,False
validation,97b646e771b20a013f9c1c86b0928ca61079bd6140bfa5e0b977b575f696fa3b,5,10,0,867,6,4,25.204664900743293,31.605053651782622,150.6053946053946,41.08393003273322,399688,True,False
validation,97b646e771b20a013f9c1c86b0928ca61079bd6140bfa5e0b977b575f696fa3b,5,10,4,773,6,4,25.578787916582776,32.06590064210882,150.6053946053946,34.33872682444888,399688,True,False
validation,97b646e771b20a013f9c1c86b0928ca61079bd6140bfa5e0b977b575f696fa3b,5,10,8,724,5,4,26.03993663717095,32.5480093676815,150.6053946053946,46.820785597381345,399688,False,False
validation,97b646e771b20a013f9c1c86b0928ca61079bd6140bfa5e0b977b575f696fa3b,5,10,16,496,5,4,25.25548550911609,29.266140890255315,150.6053946053946,41.153225806451616,399688,False,False
validation,97b646e771b20a013f9c1c86b0928ca61079bd6140bfa5e0b977b575f696fa3b,5,10,32,253,5,4,27.28640717416862,29.314786131299893,204.47871416159862,79.06879073135408,399688,False,False
validation,97b646e771b20a013f9c1c86b0928ca61079bd6140bfa5e0b977b575f696fa3b,5,10,64,74,2,2,38.9883966328522,25.35564389387076,105.50581527936146,73.62233329599164,399688,False,False
validation,97b646e771b20a013f9c1c86b0928ca61079bd6140bfa5e0b977b575f696fa3b,5,11,0,553,5,4,27.742475929188956,30.639218523878437,162.8183632734531,61.00619674670798,399688,False,False
validation,97b646e771b20a013f9c1c86b0928ca61079bd6140bfa5e0b977b575f696fa3b,5,11,4,553,5,4,27.742475929188956,30.639218523878437,162.8183632734531,61.00619674670798,399688,False,False
validation,97b646e771b20a013f9c1c86b0928ca61079bd6140bfa5e0b977b575f696fa3b,5,11,8,543,5,4,27.740582021200368,30.639218523878437,162.8183632734531,61.00619674670798,399688,False,False
validation,97b646e771b20a013f9c1c86b0928ca61079bd6140bfa5e0b977b575f696fa3b,5,11,16,408,5,4,27.208575629796197,29.71767268999103,162.8183632734531,60.3059866962306,399688,False,False
validation,97b646e771b20a013f9c1c86b0928ca61079bd6140bfa5e0b977b575f696fa3b,5,11,32,253,5,4,27.28640717416862,29.314786131299893,204.47871416159862,79.06879073135408,399688,False,False
validation,97b646e771b20a013f9c1c86b0928ca61079bd6140bfa5e0b977b575f696fa3b,5,11,64,74,2,2,38.9883966328522,25.35564389387076,105.50581527936146,73.62233329599164,399688,False,False
validation,97b646e771b20a013f9c1c86b0928ca61079bd6140bfa5e0b977b575f696fa3b,5,12,0,507,5,4,27.42898229584829,29.210778279305156,193.7831094049904,75.7860696517413,399688,False,False
validation,97b646e771b20a013f9c1c86b0928ca61079bd6140bfa5e0b977b575f696fa3b,5,12,4,507,5,4,27.42898229584829,29.210778279305156,193.7831094049904,75.7860696517413,399688,False,False
validation,97b646e771b20a013f9c1c86b0928ca61079bd6140bfa5e0b977b575f696fa3b,5,12,8,497,5,4,27.426190445396124,29.266140890255315,193.7831094049904,73.25714285714285,399688,False,False
validation,97b646e771b20a013f9c1c86b0928ca61079bd6140bfa5e0b977b575f696fa3b,5,12,16,367,5,4,26.918584824564576,29.232982982982982,193.7831094049904,82.30925925925926,399688,False,False
validation,97b646e771b20a013f9c1c86b0928ca61079bd6140bfa5e0b977b575f696fa3b,5,12,32,243,4,3,27.496706318841888,29.314786131299893,204.47871416159862,57.640699713248935,399688,False,False
validation,97b646e771b20a013f9c1c86b0928ca61079bd6140bfa5e0b977b575f696fa3b,5,12,64,74,2,2,38.9883966328522,25.35564389387076,105.50581527936146,73.62233329599164,399688,False,False
validation,97b646e771b20a013f9c1c86b0928ca61079bd6140bfa5e0b977b575f696fa3b,6,2,0,2482,13,5,20.57889172987962,24.12759505481689,65.1951219512195,24.872222222222224,399688,True,False
validation,97b646e771b20a013f9c1c86b0928ca61079bd6140bfa5e0b977b575f696fa3b,6,2,4,1793,13,5,21.937997188228117,27.059745143095885,64.73170731707317,14.85207100591716,399688,True,False
validation,97b646e771b20a013f9c1c86b0928ca61079bd6140bfa5e0b977b575f696fa3b,6,2,8,1335,11,4,24.803226404831182,28.1859756097561,64.73170731707317,20.94733893557423,399688,True,False
validation,97b646e771b20a013f9c1c86b0928ca61079bd6140bfa5e0b977b575f696fa3b,6,2,16,831,8,4,25.85511994173633,31.713363898794363,83.74064837905237,34.658225072792874,399688,True,False
validation,97b646e771b20a013f9c1c86b0928ca61079bd6140bfa5e0b977b575f696fa3b,6,2,32,254,5,4,27.441758031005275,29.314786131299893,210.5133689839572,79.06879073135408,399688,False,False
validation,97b646e771b20a013f9c1c86b0928ca61079bd6140bfa5e0b977b575f696fa3b,6,2,64,74,2,2,38.9883966328522,25.35564389387076,105.50581527936146,73.62233329599164,399688,False,False
validation,97b646e771b20a013f9c1c86b0928ca61079bd6140bfa5e0b977b575f696fa3b,6,3,0,2477,13,5,20.576931501449284,24.328677839851025,72.3076923076923,24.872222222222224,399688,True,False
validation,97b646e771b20a013f9c1c86b0928ca61079bd6140bfa5e0b977b575f696fa3b,6,3,4,1793,13,5,21.937997188228117,27.059745143095885,64.73170731707317,14.85207100591716,399688,True,False
validation,97b646e771b20a013f9c1c86b0928ca61079bd6140bfa5e0b977b575f696fa3b,6,3,8,1335,11,4,24.803226404831182,28.1859756097561,64.73170731707317,20.94733893557423,399688,True,False
validation,97b646e771b20a013f9c1c86b0928ca61079bd6140bfa5e0b977b575f696fa3b,6,3,16,831,8,4,25.85511994173633,31.713363898794363,83.74064837905237,34.658225072792874,399688,True,False
validation,97b646e771b20a013f9c1c86b0928ca61079bd6140bfa5e0b977b575f696fa3b,6,3,32,254,5,4,27.441758031005275,29.314786131299893,210.5133689839572,79.06879073135408,399688,False,False
validation,97b646e771b20a013f9c1c86b0928ca61079bd6140bfa5e0b977b575f696fa3b,6,3,64,74,2,2,38.9883966328522,25.35564389387076,105.50581527936146,73.62233329599164,399688,False,False
validation,97b646e771b20a013f9c1c86b0928ca61079bd6140bfa5e0b977b575f696fa3b,6,4,0,2477,13,5,20.576931501449284,24.328677839851025,72.3076923076923,24.872222222222224,399688,True,False
validation,97b646e771b20a013f9c1c86b0928ca61079bd6140bfa5e0b977b575f696fa3b,6,4,4,1793,13,5,21.937997188228117,27.059745143095885,64.73170731707317,14.85207100591716,399688,True,False
validation,97b646e771b20a013f9c1c86b0928ca61079bd6140bfa5e0b977b575f696fa3b,6,4,8,1335,11,4,24.803226404831182,28.1859756097561,64.73170731707317,20.94733893557423,399688,True,False
validation,97b646e771b20a013f9c1c86b0928ca61079bd6140bfa5e0b977b575f696fa3b,6,4,16,831,8,4,25.85511994173633,31.713363898794363,83.74064837905237,34.658225072792874,399688,True,False
validation,97b646e771b20a013f9c1c86b0928ca61079bd6140bfa5e0b977b575f696fa3b,6,4,32,254,5,4,27.441758031005275,29.314786131299893,210.5133689839572,79.06879073135408,399688,False,False
validation,97b646e771b20a013f9c1c86b0928ca61079bd6140bfa5e0b977b575f696fa3b,6,4,64,74,2,2,38.9883966328522,25.35564389387076,105.50581527936146,73.62233329599164,399688,False,False
validation,97b646e771b20a013f9c1c86b0928ca61079bd6140bfa5e0b977b575f696fa3b,6,5,0,2477,13,5,20.576931501449284,24.328677839851025,72.3076923076923,24.872222222222224,399688,True,False
validation,97b646e771b20a013f9c1c86b0928ca61079bd6140bfa5e0b977b575f696fa3b,6,5,4,1793,13,5,21.937997188228117,27.059745143095885,64.73170731707317,14.85207100591716,399688,True,False
validation,97b646e771b20a013f9c1c86b0928ca61079bd6140bfa5e0b977b575f696fa3b,6,5,8,1335,11,4,24.803226404831182,28.1859756097561,64.73170731707317,20.94733893557423,399688,True,False
validation,97b646e771b20a013f9c1c86b0928ca61079bd6140bfa5e0b977b575f696fa3b,6,5,16,831,8,4,25.85511994173633,31.713363898794363,83.74064837905237,34.658225072792874,399688,True,False
validation,97b646e771b20a013f9c1c86b0928ca61079bd6140bfa5e0b977b575f696fa3b,6,5,32,254,5,4,27.441758031005275,29.314786131299893,210.5133689839572,79.06879073135408,399688,False,False
validation,97b646e771b20a013f9c1c86b0928ca61079bd6140bfa5e0b977b575f696fa3b,6,5,64,74,2,2,38.9883966328522,25.35564389387076,105.50581527936146,73.62233329599164,399688,False,False
validation,97b646e771b20a013f9c1c86b0928ca61079bd6140bfa5e0b977b575f696fa3b,6,6,0,2477,13,5,20.576931501449284,24.328677839851025,72.3076923076923,24.872222222222224,399688,True,False
validation,97b646e771b20a013f9c1c86b0928ca61079bd6140bfa5e0b977b575f696fa3b,6,6,4,1793,13,5,21.937997188228117,27.059745143095885,64.73170731707317,14.85207100591716,399688,True,False
validation,97b646e771b20a013f9c1c86b0928ca61079bd6140bfa5e0b977b575f696fa3b,6,6,8,1335,11,4,24.803226404831182,28.1859756097561,64.73170731707317,20.94733893557423,399688,True,False
validation,97b646e771b20a013f9c1c86b0928ca61079bd6140bfa5e0b977b575f696fa3b,6,6,16,831,8,4,25.85511994173633,31.713363898794363,83.74064837905237,34.658225072792874,399688,True,False
validation,97b646e771b20a013f9c1c86b0928ca61079bd6140bfa5e0b977b575f696fa3b,6,6,32,254,5,4,27.441758031005275,29.314786131299893,210.5133689839572,79.06879073135408,399688,False,False
validation,97b646e771b20a013f9c1c86b0928ca61079bd6140bfa5e0b977b575f696fa3b,6,6,64,74,2,2,38.9883966328522,25.35564389387076,105.50581527936146,73.62233329599164,399688,False,False
validation,97b646e771b20a013f9c1c86b0928ca61079bd6140bfa5e0b977b575f696fa3b,6,7,0,2211,11,5,20.55271556618886,26.6501021102791,83.07903780068729,40.69453924914676,399688,True,False
validation,97b646e771b20a013f9c1c86b0928ca61079bd6140bfa5e0b977b575f696fa3b,6,7,4,1539,10,5,22.024518660428548,27.685586112736495,83.07903780068729,17.092747154479145,399688,True,False
validation,97b646e771b20a013f9c1c86b0928ca61079bd6140bfa5e0b977b575f696fa3b,6,7,8,1108,9,4,25.07073587240909,29.287628487518354,83.07903780068729,21.232212885154063,399688,True,False
validation,97b646e771b20a013f9c1c86b0928ca61079bd6140bfa5e0b977b575f696fa3b,6,7,16,683,6,4,25.618115254842944,31.989822294022616,94.1072319201995,37.41956731012819,399688,True,False
validation,97b646e771b20a013f9c1c86b0928ca61079bd6140bfa5e0b977b575f696fa3b,6,7,32,254,5,4,27.441758031005275,29.314786131299893,210.5133689839572,79.06879073135408,399688,False,False
validation,97b646e771b20a013f9c1c86b0928ca61079bd6140bfa5e0b977b575f696fa3b,6,7,64,74,2,2,38.9883966328522,25.35564389387076,105.50581527936146,73.62233329599164,399688,False,False
validation,97b646e771b20a013f9c1c86b0928ca61079bd6140bfa5e0b977b575f696fa3b,6,8,0,1901,8,4,21.11052103624088,26.55175363558597,125.70222222222222,31.21219231205513,399688,True,False
validation,97b646e771b20a013f9c1c86b0928ca61079bd6140bfa5e0b977b575f696fa3b,6,8,4,1343,8,4,22.09386977363329,28.401113671274963,125.70222222222222,31.21219231205513,399688,True,False
validation,97b646e771b20a013f9c1c86b0928ca61079bd6140bfa5e0b977b575f696fa3b,6,8,8,951,8,4,24.99186546307437,32.08555300758511,125.70222222222222,31.46515339496545,399688,True,False
validation,97b646e771b20a013f9c1c86b0928ca61079bd6140bfa5e0b977b575f696fa3b,6,8,16,601,6,4,25.13497867480415,32.26639149071281,133.94418604651162,37.3328157264587,399688,True,False
validation,97b646e771b20a013f9c1c86b0928ca61079bd6140bfa5e0b977b575f696fa3b,6,8,32,254,5,4,27.441758031005275,29.314786131299893,210.5133689839572,79.06879073135408,399688,False,False
validation,97b646e771b20a013f9c1c86b0928ca61079bd6140bfa5e0b977b575f696fa3b,6,8,64,74,2,2,38.9883966328522,25.35564389387076,105.50581527936146,73.62233329599164,399688,False,False
validation,97b646e771b20a013f9c1c86b0928ca61079bd6140bfa5e0b977b575f696fa3b,6,9,0,1420,7,4,21.914630907704872,27.95796847635727,221.83849557522123,21.289818688981867,399688,True,False
validation,97b646e771b20a013f9c1c86b0928ca61079bd6140bfa5e0b977b575f696fa3b,6,9,4,1082,7,4,22.68928764628142,29.39694796837654,221.83849557522123,21.289818688981867,399688,True,False
validation,97b646e771b20a013f9c1c86b0928ca61079bd6140bfa5e0b977b575f696fa3b,6,9,8,837,7,4,24.959426132361422,31.826857532379005,221.83849557522123,21.289818688981867,399688,True,False
validation,97b646e771b20a013f9c1c86b0928ca61079bd6140bfa5e0b977b575f696fa3b,6,9,16,541,5,4,24.650402213372995,30.639218523878437,221.83849557522123,28.247094274644855,399688,False,False
validation,97b646e771b20a013f9c1c86b0928ca61079bd6140bfa5e0b977b575f696fa3b,6,9,32,251,5,4,27.469752852779013,29.314786131299893,235.17630597014926,79.06879073135408,399688,False,False
validation,97b646e771b20a013f9c1c86b0928ca61079bd6140bfa5e0b977b575f696fa3b,6,9,64,74,2,2,38.9883966328522,25.35564389387076,105.50581527936146,73.62233329599164,399688,False,False
validation,97b646e771b20a013f9c1c86b0928ca61079bd6140bfa5e0b977b575f696fa3b,6,10,0,821,6,4,24.91818254644241,31.826857532379005,221.83849557522123,35.289042560379784,399688,True,False
validation,97b646e771b20a013f9c1c86b0928ca61079bd6140bfa5e0b977b575f696fa3b,6,10,4,739,6,4,25.276956947754243,32.5480093676815,221.83849557522123,35.289042560379784,399688,True,False
validation,97b646e771b20a013f9c1c86b0928ca61079bd6140bfa5e0b977b575f696fa3b,6,10,8,696,5,4,25.652654303265503,31.989822294022616,221.83849557522123,48.72141706924316,399688,False,False
validation,97b646e771b20a013f9c1c86b0928ca61079bd6140bfa5e0b977b575f696fa3b,6,10,16,481,5,4,24.905337934650568,29.266140890255315,221.83849557522123,41.153225806451616,399688,False,False
validation,97b646e771b20a013f9c1c86b0928ca61079bd6140bfa5e0b977b575f696fa3b,6,10,32,249,5,4,27.28681987727552,29.314786131299893,235.17630597014926,79.06879073135408,399688,False,False
validation,97b646e771b20a013f9c1c86b0928ca61079bd6140bfa5e0b977b575f696fa3b,6,10,64,74,2,2,38.9883966328522,25.35564389387076,105.50581527936146,73.62233329599164,399688,False,False
validation,97b646e771b20a013f9c1c86b0928ca61079bd6140bfa5e0b977b575f696fa3b,6,11,0,530,5,4,27.353599022500408,30.311379800853484,220.09034267912773,58.51445086705202,399688,False,False
validation,97b646e771b20a013f9c1c86b0928ca61079bd6140bfa5e0b977b575f696fa3b,6,11,4,530,5,4,27.353599022500408,30.311379800853484,220.09034267912773,58.51445086705202,399688,False,False
validation,97b646e771b20a013f9c1c86b0928ca61079bd6140bfa5e0b977b575f696fa3b,6,11,8,523,5,4,27.31784759161842,30.311379800853484,220.09034267912773,58.51445086705202,399688,False,False
validation,97b646e771b20a013f9c1c86b0928ca61079bd6140bfa5e0b977b575f696fa3b,6,11,16,393,5,4,26.824772859742644,29.48636707902045,220.09034267912773,60.3059866962306,399688,False,False
validation,97b646e771b20a013f9c1c86b0928ca61079bd6140bfa5e0b977b575f696fa3b,6,11,32,249,5,4,27.28681987727552,29.314786131299893,235.17630597014926,79.06879073135408,399688,False,False
validation,97b646e771b20a013f9c1c86b0928ca61079bd6140bfa5e0b977b575f696fa3b,6,11,64,74,2,2,38.9883966328522,25.35564389387076,105.50581527936146,73.62233329599164,399688,False,False
validation,97b646e771b20a013f9c1c86b0928ca61079bd6140bfa5e0b977b575f696fa3b,6,12,0,492,5,4,27.170664152685855,29.266140890255315,244.79011194029852,76.3675,399688,False,False
validation,97b646e771b20a013f9c1c86b0928ca61079bd6140bfa5e0b977b575f696fa3b,6,12,4,492,5,4,27.170664152685855,29.266140890255315,244.79011194029852,76.3675,399688,False,False
validation,97b646e771b20a013f9c1c86b0928ca61079bd6140bfa5e0b977b575f696fa3b,6,12,8,485,5,4,27.133086356629022,29.266140890255315,244.79011194029852,73.25714285714285,399688,False,False
validation,97b646e771b20a013f9c1c86b0928ca61079bd6140bfa5e0b977b575f696fa3b,6,12,16,355,5,4,26.60938008444606,28.624028182701654,244.79011194029852,82.30925925925926,399688,False,False
validation,97b646e771b20a013f9c1c86b0928ca61079bd6140bfa5e0b977b575f696fa3b,6,12,32,239,4,3,27.49948417305899,29.535062781331437,244.79011194029852,57.640699713248935,399688,False,False
validation,97b646e771b20a013f9c1c86b0928ca61079bd6140bfa5e0b977b575f696fa3b,6,12,64,74,2,2,38.9883966328522,25.35564389387076,105.50581527936146,73.62233329599164,399688,False,False
validation,97b646e771b20a013f9c1c86b0928ca61079bd6140bfa5e0b977b575f696fa3b,7,2,0,1181,9,5,22.446573261072878,28.489548338932437,87.1635565312843,11.560357675111774,399688,True,False
validation,97b646e771b20a013f9c1c86b0928ca61079bd6140bfa5e0b977b575f696fa3b,7,2,4,1074,9,5,23.07984947833665,29.187659729828404,87.1635565312843,9.609858059498347,399688,True,False
validation,97b646e771b20a013f9c1c86b0928ca61079bd6140bfa5e0b977b575f696fa3b,7,2,8,891,8,4,24.682587227479935,31.523883696780892,87.1635565312843,15.851848566654766,399688,True,False
validation,97b646e771b20a013f9c1c86b0928ca61079bd6140bfa5e0b977b575f696fa3b,7,2,16,568,5,4,24.963336603481206,31.466847908170973,87.1635565312843,22.032467532467532,399688,False,False
validation,97b646e771b20a013f9c1c86b0928ca61079bd6140bfa5e0b977b575f696fa3b,7,2,32,245,5,4,26.75965595600725,29.314786131299893,89.07609988109394,68.63082802547771,399688,False,False
validation,97b646e771b20a013f9c1c86b0928ca61079bd6140bfa5e0b977b575f696fa3b,7,2,64,74,2,2,38.9883966328522,25.35564389387076,105.50581527936146,73.62233329599164,399688,False,False
validation,97b646e771b20a013f9c1c86b0928ca61079bd6140bfa5e0b977b575f696fa3b,7,3,0,1181,9,5,22.446573261072878,28.489548338932437,87.1635565312843,11.560357675111774,399688,True,False
validation,97b646e771b20a013f9c1c86b0928ca61079bd6140bfa5e0b977b575f696fa3b,7,3,4,1074,9,5,23.07984947833665,29.187659729828404,87.1635565312843,9.609858059498347,399688,True,False
validation,97b646e771b20a013f9c1c86b0928ca61079bd6140bfa5e0b977b575f696fa3b,7,3,8,891,8,4,24.682587227479935,31.523883696780892,87.1635565312843,15.851848566654766,399688,True,False
validation,97b646e771b20a013f9c1c86b0928ca61079bd6140bfa5e0b977b575f696fa3b,7,3,16,568,5,4,24.963336603481206,31.466847908170973,87.1635565312843,22.032467532467532,399688,False,False
validation,97b646e771b20a013f9c1c86b0928ca61079bd6140bfa5e0b977b575f696fa3b,7,3,32,245,5,4,26.75965595600725,29.314786131299893,89.07609988109394,68.63082802547771,399688,False,False
validation,97b646e771b20a013f9c1c86b0928ca61079bd6140bfa5e0b977b575f696fa3b,7,3,64,74,2,2,38.9883966328522,25.35564389387076,105.50581527936146,73.62233329599164,399688,False,False
validation,97b646e771b20a013f9c1c86b0928ca61079bd6140bfa5e0b977b575f696fa3b,7,4,0,1181,9,5,22.446573261072878,28.489548338932437,87.1635565312843,11.560357675111774,399688,True,False
validation,97b646e771b20a013f9c1c86b0928ca61079bd6140bfa5e0b977b575f696fa3b,7,4,4,1074,9,5,23.07984947833665,29.187659729828404,87.1635565312843,9.609858059498347,399688,True,False
validation,97b646e771b20a013f9c1c86b0928ca61079bd6140bfa5e0b977b575f696fa3b,7,4,8,891,8,4,24.682587227479935,31.523883696780892,87.1635565312843,15.851848566654766,399688,True,False
validation,97b646e771b20a013f9c1c86b0928ca61079bd6140bfa5e0b977b575f696fa3b,7,4,16,568,5,4,24.963336603481206,31.466847908170973,87.1635565312843,22.032467532467532,399688,False,False
validation,97b646e771b20a013f9c1c86b0928ca61079bd6140bfa5e0b977b575f696fa3b,7,4,32,245,5,4,26.75965595600725,29.314786131299893,89.07609988109394,68.63082802547771,399688,False,False
validation,97b646e771b20a013f9c1c86b0928ca61079bd6140bfa5e0b977b575f696fa3b,7,4,64,74,2,2,38.9883966328522,25.35564389387076,105.50581527936146,73.62233329599164,399688,False,False
validation,97b646e771b20a013f9c1c86b0928ca61079bd6140bfa5e0b977b575f696fa3b,7,5,0,1181,9,5,22.446573261072878,28.489548338932437,87.1635565312843,11.560357675111774,399688,True,False
validation,97b646e771b20a013f9c1c86b0928ca61079bd6140bfa5e0b977b575f696fa3b,7,5,4,1074,9,5,23.07984947833665,29.187659729828404,87.1635565312843,9.609858059498347,399688,True,False
validation,97b646e771b20a013f9c1c86b0928ca61079bd6140bfa5e0b977b575f696fa3b,7,5,8,891,8,4,24.682587227479935,31.523883696780892,87.1635565312843,15.851848566654766,399688,True,False
validation,97b646e771b20a013f9c1c86b0928ca61079bd6140bfa5e0b977b575f696fa3b,7,5,16,568,5,4,24.963336603481206,31.466847908170973,87.1635565312843,22.032467532467532,399688,False,False
validation,97b646e771b20a013f9c1c86b0928ca61079bd6140bfa5e0b977b575f696fa3b,7,5,32,245,5,4,26.75965595600725,29.314786131299893,89.07609988109394,68.63082802547771,399688,False,False
validation,97b646e771b20a013f9c1c86b0928ca61079bd6140bfa5e0b977b575f696fa3b,7,5,64,74,2,2,38.9883966328522,25.35564389387076,105.50581527936146,73.62233329599164,399688,False,False
validation,97b646e771b20a013f9c1c86b0928ca61079bd6140bfa5e0b977b575f696fa3b,7,6,0,1181,9,5,22.446573261072878,28.489548338932437,87.1635565312843,11.560357675111774,399688,True,False
validation,97b646e771b20a013f9c1c86b0928ca61079bd6140bfa5e0b977b575f696fa3b,7,6,4,1074,9,5,23.07984947833665,29.187659729828404,87.1635565312843,9.609858059498347,399688,True,False
validation,97b646e771b20a013f9c1c86b0928ca61079bd6140bfa5e0b977b575f696fa3b,7,6,8,891,8,4,24.682587227479935,31.523883696780892,87.1635565312843,15.851848566654766,399688,True,False
validation,97b646e771b20a013f9c1c86b0928ca61079bd6140bfa5e0b977b575f696fa3b,7,6,16,568,5,4,24.963336603481206,31.466847908170973,87.1635565312843,22.032467532467532,399688,False,False
validation,97b646e771b20a013f9c1c86b0928ca61079bd6140bfa5e0b977b575f696fa3b,7,6,32,245,5,4,26.75965595600725,29.314786131299893,89.07609988109394,68.63082802547771,399688,False,False
validation,97b646e771b20a013f9c1c86b0928ca61079bd6140bfa5e0b977b575f696fa3b,7,6,64,74,2,2,38.9883966328522,25.35564389387076,105.50581527936146,73.62233329599164,399688,False,False
validation,97b646e771b20a013f9c1c86b0928ca61079bd6140bfa5e0b977b575f696fa3b,7,7,0,1181,9,5,22.446573261072878,28.489548338932437,87.1635565312843,11.560357675111774,399688,True,False
validation,97b646e771b20a013f9c1c86b0928ca61079bd6140bfa5e0b977b575f696fa3b,7,7,4,1074,9,5,23.07984947833665,29.187659729828404,87.1635565312843,9.609858059498347,399688,True,False
validation,97b646e771b20a013f9c1c86b0928ca61079bd6140bfa5e0b977b575f696fa3b,7,7,8,891,8,4,24.682587227479935,31.523883696780892,87.1635565312843,15.851848566654766,399688,True,False
validation,97b646e771b20a013f9c1c86b0928ca61079bd6140bfa5e0b977b575f696fa3b,7,7,16,568,5,4,24.963336603481206,31.466847908170973,87.1635565312843,22.032467532467532,399688,False,False
validation,97b646e771b20a013f9c1c86b0928ca61079bd6140bfa5e0b977b575f696fa3b,7,7,32,245,5,4,26.75965595600725,29.314786131299893,89.07609988109394,68.63082802547771,399688,False,False
validation,97b646e771b20a013f9c1c86b0928ca61079bd6140bfa5e0b977b575f696fa3b,7,7,64,74,2,2,38.9883966328522,25.35564389387076,105.50581527936146,73.62233329599164,399688,False,False
validation,97b646e771b20a013f9c1c86b0928ca61079bd6140bfa5e0b977b575f696fa3b,7,8,0,1008,7,4,23.25323943431484,31.680193930687736,143.23207547169812,22.032467532467532,399688,True,False
validation,97b646e771b20a013f9c1c86b0928ca61079bd6140bfa5e0b977b575f696fa3b,7,8,4,963,7,4,23.378130796513044,32.43694176491604,143.23207547169812,22.032467532467532,399688,True,False
validation,97b646e771b20a013f9c1c86b0928ca61079bd6140bfa5e0b977b575f696fa3b,7,8,8,810,7,4,24.650169901207157,31.866530820173203,143.23207547169812,22.032467532467532,399688,True,False
validation,97b646e771b20a013f9c1c86b0928ca61079bd6140bfa5e0b977b575f696fa3b,7,8,16,534,5,4,24.634373334095482,30.311379800853484,143.23207547169812,22.032467532467532,399688,False,False
validation,97b646e771b20a013f9c1c86b0928ca61079bd6140bfa5e0b977b575f696fa3b,7,8,32,245,5,4,26.75965595600725,29.314786131299893,89.07609988109394,68.63082802547771,399688,False,False
validation,97b646e771b20a013f9c1c86b0928ca61079bd6140bfa5e0b977b575f696fa3b,7,8,64,74,2,2,38.9883966328522,25.35564389387076,105.50581527936146,73.62233329599164,399688,False,False
validation,97b646e771b20a013f9c1c86b0928ca61079bd6140bfa5e0b977b575f696fa3b,7,9,0,842,6,4,23.699247455020092,31.7405424080152,169.40514661879115,32.67212436046056,399688,True,False
validation,97b646e771b20a013f9c1c86b0928ca61079bd6140bfa5e0b977b575f696fa3b,7,9,4,817,6,4,23.784886222318455,31.866530820173203,169.40514661879115,32.67212436046056,399688,True,False
validation,97b646e771b20a013f9c1c86b0928ca61079bd6140bfa5e0b977b575f696fa3b,7,9,8,730,6,4,24.741837882392346,32.5480093676815,169.40514661879115,32.693590777789524,399688,True,False
validation,97b646e771b20a013f9c1c86b0928ca61079bd6140bfa5e0b977b575f696fa3b,7,9,16,490,5,4,24.33298093869229,29.266140890255315,169.40514661879115,22.65389876880985,399688,False,False
validation,97b646e771b20a013f9c1c86b0928ca61079bd6140bfa5e0b977b575f696fa3b,7,9,32,242,5,4,26.782015764422912,29.314786131299893,132.50231267345052,79.06879073135408,399688,False,False
validation,97b646e771b20a013f9c1c86b0928ca61079bd6140bfa5e0b977b575f696fa3b,7,9,64,74,2,2,38.9883966328522,25.35564389387076,105.50581527936146,73.62233329599164,399688,False,False
validation,97b646e771b20a013f9c1c86b0928ca61079bd6140bfa5e0b977b575f696fa3b,7,10,0,628,6,4,25.406348111741625,32.37178463013261,169.40514661879115,38.22155126140633,399688,True,False
validation,97b646e771b20a013f9c1c86b0928ca61079bd6140bfa5e0b977b575f696fa3b,7,10,4,617,6,4,25.459814112843013,32.26639149071281,169.40514661879115,38.22155126140633,399688,True,False
validation,97b646e771b20a013f9c1c86b0928ca61079bd6140bfa5e0b977b575f696fa3b,7,10,8,611,5,4,25.533878687509045,32.26639149071281,169.40514661879115,53.73590982286635,399688,False,False
validation,97b646e771b20a013f9c1c86b0928ca61079bd6140bfa5e0b977b575f696fa3b,7,10,16,437,5,4,24.625221241325722,29.73276639608298,169.40514661879115,39.91141498216409,399688,False,False
validation,97b646e771b20a013f9c1c86b0928ca61079bd6140bfa5e0b977b575f696fa3b,7,10,32,240,5,4,26.598172088847136,29.314786131299893,132.50231267345052,79.06879073135408,399688,False,False
validation,97b646e771b20a013f9c1c86b0928ca61079bd6140bfa5e0b977b575f696fa3b,7,10,64,74,2,2,38.9883966328522,25.35564389387076,105.50581527936146,73.62233329599164,399688,False,False
validation,97b646e771b20a013f9c1c86b0928ca61079bd6140bfa5e0b977b575f696fa3b,7,11,0,460,5,4,27.38554687225502,29.78435798698712,169.40514661879115,58.51445086705202,399688,False,False
validation,97b646e771b20a013f9c1c86b0928ca61079bd6140bfa5e0b977b575f696fa3b,7,11,4,460,5,4,27.38554687225502,29.78435798698712,169.40514661879115,58.51445086705202,399688,False,False
validation,97b646e771b20a013f9c1c86b0928ca61079bd6140bfa5e0b977b575f696fa3b,7,11,8,460,5,4,27.38554687225502,29.78435798698712,169.40514661879115,58.51445086705202,399688,False,False
validation,97b646e771b20a013f9c1c86b0928ca61079bd6140bfa5e0b977b575f696fa3b,7,11,16,352,5,4,26.652308482263837,28.624028182701654,169.40514661879115,60.3059866962306,399688,False,False
validation,97b646e771b20a013f9c1c86b0928ca61079bd6140bfa5e0b977b575f696fa3b,7,11,32,240,5,4,26.598172088847136,29.314786131299893,132.50231267345052,79.06879073135408,399688,False,False
validation,97b646e771b20a013f9c1c86b0928ca61079bd6140bfa5e0b977b575f696fa3b,7,11,64,74,2,2,38.9883966328522,25.35564389387076,105.50581527936146,73.62233329599164,399688,False,False
validation,97b646e771b20a013f9c1c86b0928ca61079bd6140bfa5e0b977b575f696fa3b,7,12,0,427,5,4,27.333006189249303,29.73276639608298,186.43200740055505,82.38947368421053,399688,False,False
validation,97b646e771b20a013f9c1c86b0928ca61079bd6140bfa5e0b977b575f696fa3b,7,12,4,427,5,4,27.333006189249303,29.73276639608298,186.43200740055505,82.38947368421053,399688,False,False
validation,97b646e771b20a013f9c1c86b0928ca61079bd6140bfa5e0b977b575f696fa3b,7,12,8,427,5,4,27.333006189249303,29.73276639608298,186.43200740055505,82.38947368421053,399688,False,False
validation,97b646e771b20a013f9c1c86b0928ca61079bd6140bfa5e0b977b575f696fa3b,7,12,16,319,5,4,26.56229470279121,28.843116201383918,186.43200740055505,79.31907308377896,399688,False,False
validation,97b646e771b20a013f9c1c86b0928ca61079bd6140bfa5e0b977b575f696fa3b,7,12,32,230,4,3,26.78877910176254,29.535062781331437,186.43200740055505,57.640699713248935,399688,False,False
validation,97b646e771b20a013f9c1c86b0928ca61079bd6140bfa5e0b977b575f696fa3b,7,12,64,74,2,2,38.9883966328522,25.35564389387076,105.50581527936146,73.62233329599164,399688,False,False
validation,97b646e771b20a013f9c1c86b0928ca61079bd6140bfa5e0b977b575f696fa3b,8,2,0,777,6,4,23.173127187092952,31.980572597137016,52.74562306900103,28.706822386792503,399688,True,False
validation,97b646e771b20a013f9c1c86b0928ca61079bd6140bfa5e0b977b575f696fa3b,8,2,4,738,6,4,23.291206274506152,32.16918121715545,52.74562306900103,28.706822386792503,399688,True,False
validation,97b646e771b20a013f9c1c86b0928ca61079bd6140bfa5e0b977b575f696fa3b,8,2,8,607,6,4,24.120038237549224,32.68511050169382,52.74562306900103,28.706822386792503,399688,True,False
validation,97b646e771b20a013f9c1c86b0928ca61079bd6140bfa5e0b977b575f696fa3b,8,2,16,476,5,4,24.569155251947368,31.90697012802276,55.82586206896552,22.931309904153355,399688,False,False
validation,97b646e771b20a013f9c1c86b0928ca61079bd6140bfa5e0b977b575f696fa3b,8,2,32,238,5,4,26.149048301647,29.535062781331437,89.07609988109394,34.81229773462783,399688,False,False
validation,97b646e771b20a013f9c1c86b0928ca61079bd6140bfa5e0b977b575f696fa3b,8,2,64,72,2,2,38.16348353672454,25.35564389387076,60.78353814644137,51.26119472953159,399688,False,False
validation,97b646e771b20a013f9c1c86b0928ca61079bd6140bfa5e0b977b575f696fa3b,8,3,0,777,6,4,23.173127187092952,31.980572597137016,52.74562306900103,28.706822386792503,399688,True,False
validation,97b646e771b20a013f9c1c86b0928ca61079bd6140bfa5e0b977b575f696fa3b,8,3,4,738,6,4,23.291206274506152,32.16918121715545,52.74562306900103,28.706822386792503,399688,True,False
validation,97b646e771b20a013f9c1c86b0928ca61079bd6140bfa5e0b977b575f696fa3b,8,3,8,607,6,4,24.120038237549224,32.68511050169382,52.74562306900103,28.706822386792503,399688,True,False
validation,97b646e771b20a013f9c1c86b0928ca61079bd6140bfa5e0b977b575f696fa3b,8,3,16,476,5,4,24.569155251947368,31.90697012802276,55.82586206896552,22.931309904153355,399688,False,False
validation,97b646e771b20a013f9c1c86b0928ca61079bd6140bfa5e0b977b575f696fa3b,8,3,32,238,5,4,26.149048301647,29.535062781331437,89.07609988109394,34.81229773462783,399688,False,False
validation,97b646e771b20a013f9c1c86b0928ca61079bd6140bfa5e0b977b575f696fa3b,8,3,64,72,2,2,38.16348353672454,25.35564389387076,60.78353814644137,51.26119472953159,399688,False,False
validation,97b646e771b20a013f9c1c86b0928ca61079bd6140bfa5e0b977b575f696fa3b,8,4,0,777,6,4,23.173127187092952,31.980572597137016,52.74562306900103,28.706822386792503,399688,True,False
validation,97b646e771b20a013f9c1c86b0928ca61079bd6140bfa5e0b977b575f696fa3b,8,4,4,738,6,4,23.291206274506152,32.16918121715545,52.74562306900103,28.706822386792503,399688,True,False
validation,97b646e771b20a013f9c1c86b0928ca61079bd6140bfa5e0b977b575f696fa3b,8,4,8,607,6,4,24.120038237549224,32.68511050169382,52.74562306900103,28.706822386792503,399688,True,False
validation,97b646e771b20a013f9c1c86b0928ca61079bd6140bfa5e0b977b575f696fa3b,8,4,16,476,5,4,24.569155251947368,31.90697012802276,55.82586206896552,22.931309904153355,399688,False,False
validation,97b646e771b20a013f9c1c86b0928ca61079bd6140bfa5e0b977b575f696fa3b,8,4,32,238,5,4,26.149048301647,29.535062781331437,89.07609988109394,34.81229773462783,399688,False,False
validation,97b646e771b20a013f9c1c86b0928ca61079bd6140bfa5e0b977b575f696fa3b,8,4,64,72,2,2,38.16348353672454,25.35564389387076,60.78353814644137,51.26119472953159,399688,False,False
validation,97b646e771b20a013f9c1c86b0928ca61079bd6140bfa5e0b977b575f696fa3b,8,5,0,777,6,4,23.173127187092952,31.980572597137016,52.74562306900103,28.706822386792503,399688,True,False
validation,97b646e771b20a013f9c1c86b0928ca61079bd6140bfa5e0b977b575f696fa3b,8,5,4,738,6,4,23.291206274506152,32.16918121715545,52.74562306900103,28.706822386792503,399688,True,False
validation,97b646e771b20a013f9c1c86b0928ca61079bd6140bfa5e0b977b575f696fa3b,8,5,8,607,6,4,24.120038237549224,32.68511050169382,52.74562306900103,28.706822386792503,399688,True,False
validation,97b646e771b20a013f9c1c86b0928ca61079bd6140bfa5e0b977b575f696fa3b,8,5,16,476,5,4,24.569155251947368,31.90697012802276,55.82586206896552,22.931309904153355,399688,False,False
validation,97b646e771b20a013f9c1c86b0928ca61079bd6140bfa5e0b977b575f696fa3b,8,5,32,238,5,4,26.149048301647,29.535062781331437,89.07609988109394,34.81229773462783,399688,False,False
validation,97b646e771b20a013f9c1c86b0928ca61079bd6140bfa5e0b977b575f696fa3b,8,5,64,72,2,2,38.16348353672454,25.35564389387076,60.78353814644137,51.26119472953159,399688,False,False
validation,97b646e771b20a013f9c1c86b0928ca61079bd6140bfa5e0b977b575f696fa3b,8,6,0,777,6,4,23.173127187092952,31.980572597137016,52.74562306900103,28.706822386792503,399688,True,False
validation,97b646e771b20a013f9c1c86b0928ca61079bd6140bfa5e0b977b575f696fa3b,8,6,4,738,6,4,23.291206274506152,32.16918121715545,52.74562306900103,28.706822386792503,399688,True,False
validation,97b646e771b20a013f9c1c86b0928ca61079bd6140bfa5e0b977b575f696fa3b,8,6,8,607,6,4,24.120038237549224,32.68511050169382,52.74562306900103,28.706822386792503,399688,True,False
validation,97b646e771b20a013f9c1c86b0928ca61079bd6140bfa5e0b977b575f696fa3b,8,6,16,476,5,4,24.569155251947368,31.90697012802276,55.82586206896552,22.931309904153355,399688,False,False
validation,97b646e771b20a013f9c1c86b0928ca61079bd6140bfa5e0b977b575f696fa3b,8,6,32,238,5,4,26.149048301647,29.535062781331437,89.07609988109394,34.81229773462783,399688,False,False
validation,97b646e771b20a013f9c1c86b0928ca61079bd6140bfa5e0b977b575f696fa3b,8,6,64,72,2,2,38.16348353672454,25.35564389387076,60.78353814644137,51.26119472953159,399688,False,False
validation,97b646e771b20a013f9c1c86b0928ca61079bd6140bfa5e0b977b575f696fa3b,8,7,0,777,6,4,23.173127187092952,31.980572597137016,52.74562306900103,28.706822386792503,399688,True,False
validation,97b646e771b20a013f9c1c86b0928ca61079bd6140bfa5e0b977b575f696fa3b,8,7,4,738,6,4,23.291206274506152,32.16918121715545,52.74562306900103,28.706822386792503,399688,True,False
validation,97b646e771b20a013f9c1c86b0928ca61079bd6140bfa5e0b977b575f696fa3b,8,7,8,607,6,4,24.120038237549224,32.68511050169382,52.74562306900103,28.706822386792503,399688,True,False
validation,97b646e771b20a013f9c1c86b0928ca61079bd6140bfa5e0b977b575f696fa3b,8,7,16,476,5,4,24.569155251947368,31.90697012802276,55.82586206896552,22.931309904153355,399688,False,False
validation,97b646e771b20a013f9c1c86b0928ca61079bd6140bfa5e0b977b575f696fa3b,8,7,32,238,5,4,26.149048301647,29.535062781331437,89.07609988109394,34.81229773462783,399688,False,False
validation,97b646e771b20a013f9c1c86b0928ca61079bd6140bfa5e0b977b575f696fa3b,8,7,64,72,2,2,38.16348353672454,25.35564389387076,60.78353814644137,51.26119472953159,399688,False,False
validation,97b646e771b20a013f9c1c86b0928ca61079bd6140bfa5e0b977b575f696fa3b,8,8,0,777,6,4,23.173127187092952,31.980572597137016,52.74562306900103,28.706822386792503,399688,True,False
validation,97b646e771b20a013f9c1c86b0928ca61079bd6140bfa5e0b977b575f696fa3b,8,8,4,738,6,4,23.291206274506152,32.16918121715545,52.74562306900103,28.706822386792503,399688,True,False
validation,97b646e771b20a013f9c1c86b0928ca61079bd6140bfa5e0b977b575f696fa3b,8,8,8,607,6,4,24.120038237549224,32.68511050169382,52.74562306900103,28.706822386792503,399688,True,False
validation,97b646e771b20a013f9c1c86b0928ca61079bd6140bfa5e0b977b575f696fa3b,8,8,16,476,5,4,24.569155251947368,31.90697012802276,55.82586206896552,22.931309904153355,399688,False,False
validation,97b646e771b20a013f9c1c86b0928ca61079bd6140bfa5e0b977b575f696fa3b,8,8,32,238,5,4,26.149048301647,29.535062781331437,89.07609988109394,34.81229773462783,399688,False,False
validation,97b646e771b20a013f9c1c86b0928ca61079bd6140bfa5e0b977b575f696fa3b,8,8,64,72,2,2,38.16348353672454,25.35564389387076,60.78353814644137,51.26119472953159,399688,False,False
validation,97b646e771b20a013f9c1c86b0928ca61079bd6140bfa5e0b977b575f696fa3b,8,9,0,647,6,4,23.68288779456141,32.627615752183225,60.04555314533623,37.676876224802314,399688,True,False
validation,97b646e771b20a013f9c1c86b0928ca61079bd6140bfa5e0b977b575f696fa3b,8,9,4,624,6,4,23.776204272004694,32.206785137318256,60.04555314533623,37.676876224802314,399688,True,False
validation,97b646e771b20a013f9c1c86b0928ca61079bd6140bfa5e0b977b575f696fa3b,8,9,8,554,6,4,24.25377246749212,33.61120812827433,60.04555314533623,37.55013813859323,399688,True,False
validation,97b646e771b20a013f9c1c86b0928ca61079bd6140bfa5e0b977b575f696fa3b,8,9,16,449,5,4,24.455123031281357,31.03009164273013,57.44485934777197,22.983382079234246,399688,False,False
validation,97b646e771b20a013f9c1c86b0928ca61079bd6140bfa5e0b977b575f696fa3b,8,9,32,236,5,4,26.152925462746236,29.535062781331437,89.07609988109394,57.44485934777197,399688,False,False
validation,97b646e771b20a013f9c1c86b0928ca61079bd6140bfa5e0b977b575f696fa3b,8,9,64,72,2,2,38.16348353672454,25.35564389387076,60.78353814644137,51.26119472953159,399688,False,False
validation,97b646e771b20a013f9c1c86b0928ca61079bd6140bfa5e0b977b575f696fa3b,8,10,0,477,6,4,24.96128039951892,31.90697012802276,62.69848156182213,40.78204707430527,399688,True,False
validation,97b646e771b20a013f9c1c86b0928ca61079bd6140bfa5e0b977b575f696fa3b,8,10,4,467,6,4,25.015830432502703,31.90697012802276,62.69848156182213,40.78204707430527,399688,True,False
validation,97b646e771b20a013f9c1c86b0928ca61079bd6140bfa5e0b977b575f696fa3b,8,10,8,462,5,4,25.044703947975083,31.90697012802276,62.69848156182213,57.44485934777197,399688,False,False
validation,97b646e771b20a013f9c1c86b0928ca61079bd6140bfa5e0b977b575f696fa3b,8,10,16,397,5,4,24.757821652006058,30.610798060542525,59.62157809983897,39.386759581881535,399688,False,False
validation,97b646e771b20a013f9c1c86b0928ca61079bd6140bfa5e0b977b575f696fa3b,8,10,32,234,5,4,25.96799118433547,29.535062781331437,87.34665099882491,57.44485934777197,399688,False,False
validation,97b646e771b20a013f9c1c86b0928ca61079bd6140bfa5e0b977b575f696fa3b,8,10,64,72,2,2,38.16348353672454,25.35564389387076,60.78353814644137,51.26119472953159,399688,False,False
validation,97b646e771b20a013f9c1c86b0928ca61079bd6140bfa5e0b977b575f696fa3b,8,11,0,345,5,4,27.12973665839806,29.744130270133805,72.21777777777778,57.44485934777197,399688,False,False
validation,97b646e771b20a013f9c1c86b0928ca61079bd6140bfa5e0b977b575f696fa3b,8,11,4,345,5,4,27.12973665839806,29.744130270133805,72.21777777777778,57.44485934777197,399688,False,False
validation,97b646e771b20a013f9c1c86b0928ca61079bd6140bfa5e0b977b575f696fa3b,8,11,8,345,5,4,27.12973665839806,29.744130270133805,72.21777777777778,57.44485934777197,399688,False,False
validation,97b646e771b20a013f9c1c86b0928ca61079bd6140bfa5e0b977b575f696fa3b,8,11,16,316,5,4,27.018106240930866,29.368683187560737,79.60600706713781,57.44485934777197,399688,False,False
validation,97b646e771b20a013f9c1c86b0928ca61079bd6140bfa5e0b977b575f696fa3b,8,11,32,234,5,4,25.96799118433547,29.535062781331437,87.34665099882491,57.44485934777197,399688,False,False
validation,97b646e771b20a013f9c1c86b0928ca61079bd6140bfa5e0b977b575f696fa3b,8,11,64,72,2,2,38.16348353672454,25.35564389387076,60.78353814644137,51.26119472953159,399688,False,False
validation,97b646e771b20a013f9c1c86b0928ca61079bd6140bfa5e0b977b575f696fa3b,8,12,0,318,5,4,27.09679177324957,29.368683187560737,127.35079365079365,57.726412745830224,399688,False,False
validation,97b646e771b20a013f9c1c86b0928ca61079bd6140bfa5e0b977b575f696fa3b,8,12,4,318,5,4,27.09679177324957,29.368683187560737,127.35079365079365,57.726412745830224,399688,False,False
validation,97b646e771b20a013f9c1c86b0928ca61079bd6140bfa5e0b977b575f696fa3b,8,12,8,318,5,4,27.09679177324957,29.368683187560737,127.35079365079365,57.726412745830224,399688,False,False
validation,97b646e771b20a013f9c1c86b0928ca61079bd6140bfa5e0b977b575f696fa3b,8,12,16,289,5,4,26.979515111912743,29.370647969052225,127.35079365079365,57.726412745830224,399688,False,False
validation,97b646e771b20a013f9c1c86b0928ca61079bd6140bfa5e0b977b575f696fa3b,8,12,32,224,4,3,26.138502234789748,29.535062781331437,87.34665099882491,42.830580586751594,399688,False,False
validation,97b646e771b20a013f9c1c86b0928ca61079bd6140bfa5e0b977b575f696fa3b,8,12,64,72,2,2,38.16348353672454,25.35564389387076,60.78353814644137,51.26119472953159,399688,False,False
test,991520079bd9313a29acd5df185bf645f61cbceb42368392de63555c483c3c0f,2,2,0,15545,13,5,13.018190391115963,16.749301675977655,31.196296296296296,17.530791788856305,104968,True,False
test,991520079bd9313a29acd5df185bf645f61cbceb42368392de63555c483c3c0f,2,2,4,3739,12,5,14.087763457176248,10.517626450624043,58.3448275862069,32.92761618337971,104968,True,False
test,991520079bd9313a29acd5df185bf645f61cbceb42368392de63555c483c3c0f,2,2,8,2692,11,4,13.319184916140076,6.024483713008303,73.07833333333333,35.62619047619047,104968,True,False
test,991520079bd9313a29acd5df185bf645f61cbceb42368392de63555c483c3c0f,2,2,16,1331,8,2,10.804461055859708,5.4042762908484345,118.41470588235295,20.287711377040353,104968,True,False
test,991520079bd9313a29acd5df185bf645f61cbceb42368392de63555c483c3c0f,2,2,32,190,8,2,18.52650036961268,7.737912151928231,217.30565583634177,30.815080179985515,104968,False,False
test,991520079bd9313a29acd5df185bf645f61cbceb42368392de63555c483c3c0f,2,2,64,16,1,1,18.967243103929928,11.197131733280765,28.791719819088485,28.791719819088485,104968,False,False
test,991520079bd9313a29acd5df185bf645f61cbceb42368392de63555c483c3c0f,2,3,0,9623,12,5,13.91498549593077,15.316428948758585,43.24521072796935,24.93924528301887,104968,True,False
test,991520079bd9313a29acd5df185bf645f61cbceb42368392de63555c483c3c0f,2,3,4,3739,12,5,14.087763457176248,10.517626450624043,58.3448275862069,32.92761618337971,104968,True,False
test,991520079bd9313a29acd5df185bf645f61cbceb42368392de63555c483c3c0f,2,3,8,2692,11,4,13.319184916140076,6.024483713008303,73.07833333333333,35.62619047619047,104968,True,False
test,991520079bd9313a29acd5df185bf645f61cbceb42368392de63555c483c3c0f,2,3,16,1331,8,2,10.804461055859708,5.4042762908484345,118.41470588235295,20.287711377040353,104968,True,False
test,991520079bd9313a29acd5df185bf645f61cbceb42368392de63555c483c3c0f,2,3,32,190,8,2,18.52650036961268,7.737912151928231,217.30565583634177,30.815080179985515,104968,False,False
test,991520079bd9313a29acd5df185bf645f61cbceb42368392de63555c483c3c0f,2,3,64,16,1,1,18.967243103929928,11.197131733280765,28.791719819088485,28.791719819088485,104968,False,False
test,991520079bd9313a29acd5df185bf645f61cbceb42368392de63555c483c3c0f,2,4,0,7404,12,5,14.231415667123494,16.071596796985396,49.574074074074076,29.181397108579922,104968,True,False
test,991520079bd9313a29acd5df185bf645f61cbceb42368392de63555c483c3c0f,2,4,4,3721,12,5,14.087972763212123,10.517626450624043,59.60689655172414,33.458262231342474,104968,True,False
test,991520079bd9313a29acd5df185bf645f61cbceb42368392de63555c483c3c0f,2,4,8,2692,11,4,13.319184916140076,6.024483713008303,73.07833333333333,35.62619047619047,104968,True,False
test,991520079bd9313a29acd5df185bf645f61cbceb42368392de63555c483c3c0f,2,4,16,1331,8,2,10.804461055859708,5.4042762908484345,118.41470588235295,20.287711377040353,104968,True,False
test,991520079bd9313a29acd5df185bf645f61cbceb42368392de63555c483c3c0f,2,4,32,190,8,2,18.52650036961268,7.737912151928231,217.30565583634177,30.815080179985515,104968,False,False
test,991520079bd9313a29acd5df185bf645f61cbceb42368392de63555c483c3c0f,2,4,64,16,1,1,18.967243103929928,11.197131733280765,28.791719819088485,28.791719819088485,104968,False,False
test,991520079bd9313a29acd5df185bf645f61cbceb42368392de63555c483c3c0f,2,5,0,6382,12,5,14.339369511809318,16.055822067160925,54.08118081180812,32.65742240511317,104968,True,False
test,991520079bd9313a29acd5df185bf645f61cbceb42368392de63555c483c3c0f,2,5,4,3625,12,5,14.105523241891072,8.8197548666186,63.24693520140105,33.68781002791155,104968,True,False
test,991520079bd9313a29acd5df185bf645f61cbceb42368392de63555c483c3c0f,2,5,8,2688,10,4,13.315491234137646,6.024483713008303,73.08,35.90754004929144,104968,True,False
test,991520079bd9313a29acd5df185bf645f61cbceb42368392de63555c483c3c0f,2,5,16,1331,8,2,10.804461055859708,5.4042762908484345,118.41470588235295,20.287711377040353,104968,True,False
test,991520079bd9313a29acd5df185bf645f61cbceb42368392de63555c483c3c0f,2,5,32,190,8,2,18.52650036961268,7.737912151928231,217.30565583634177,30.815080179985515,104968,False,False
test,991520079bd9313a29acd5df185bf645f61cbceb42368392de63555c483c3c0f,2,5,64,16,1,1,18.967243103929928,11.197131733280765,28.791719819088485,28.791719819088485,104968,False,False
test,991520079bd9313a29acd5df185bf645f61cbceb42368392de63555c483c3c0f,2,6,0,5709,12,5,14.362059939786329,16.30965315503552,55.582577132486385,34.04993429697766,104968,True,False
test,991520079bd9313a29acd5df185bf645f61cbceb42368392de63555c483c3c0f,2,6,4,3506,12,5,14.132173110372555,8.224829422532867,65.75800711743773,34.07527441537594,104968,True,False
test,991520079bd9313a29acd5df185bf645f61cbceb42368392de63555c483c3c0f,2,6,8,2646,10,4,13.391358733915867,5.951066499372647,73.27666666666667,37.4284012074983,104968,True,False
test,991520079bd9313a29acd5df185bf645f61cbceb42368392de63555c483c3c0f,2,6,16,1331,8,2,10.804461055859708,5.4042762908484345,118.41470588235295,20.287711377040353,104968,True,False
test,991520079bd9313a29acd5df185bf645f61cbceb42368392de63555c483c3c0f,2,6,32,190,8,2,18.52650036961268,7.737912151928231,217.30565583634177,30.815080179985515,104968,False,False
test,991520079bd9313a29acd5df185bf645f61cbceb42368392de63555c483c3c0f,2,6,64,16,1,1,18.967243103929928,11.197131733280765,28.791719819088485,28.791719819088485,104968,False,False
test,991520079bd9313a29acd5df185bf645f61cbceb42368392de63555c483c3c0f,2,7,0,3947,11,5,13.549670262902493,10.838179218303146,58.974074074074075,38.82070707070707,104968,True,False
test,991520079bd9313a29acd5df185bf645f61cbceb42368392de63555c483c3c0f,2,7,4,2425,11,5,13.318360570509416,5.609774723176785,67.95714285714286,37.3421052631579,104968,True,False
test,991520079bd9313a29acd5df185bf645f61cbceb42368392de63555c483c3c0f,2,7,8,1976,10,4,12.708553491113248,5.014186064738616,77.67697594501718,38.73010930570953,104968,True,False
test,991520079bd9313a29acd5df185bf645f61cbceb42368392de63555c483c3c0f,2,7,16,1270,8,2,10.711860356567783,5.412990936555891,118.58823529411765,24.111825392325986,104968,True,False
test,991520079bd9313a29acd5df185bf645f61cbceb42368392de63555c483c3c0f,2,7,32,190,8,2,18.52650036961268,7.737912151928231,217.30565583634177,30.815080179985515,104968,False,False
test,991520079bd9313a29acd5df185bf645f61cbceb42368392de63555c483c3c0f,2,7,64,16,1,1,18.967243103929928,11.197131733280765,28.791719819088485,28.791719819088485,104968,False,False
test,991520079bd9313a29acd5df185bf645f61cbceb42368392de63555c483c3c0f,2,8,0,1628,9,3,21.365555064638336,13.086213517665131,82.30841121495327,57.751835535976504,104968,True,False
test,991520079bd9313a29acd5df185bf645f61cbceb42368392de63555c483c3c0f,2,8,4,1140,8,2,21.796584202497623,10.21989038898543,98.1622464898596,60.64597647640312,104968,True,False
test,991520079bd9313a29acd5df185bf645f61cbceb42368392de63555c483c3c0f,2,8,8,902,8,2,21.100039821154116,9.058922748228944,107.93344425956738,68.24793866819849,104968,True,False
test,991520079bd9313a29acd5df185bf645f61cbceb42368392de63555c483c3c0f,2,8,16,431,7,1,18.120527715481828,8.675303848750843,125.12424242424242,22.676799007444167,104968,True,False
test,991520079bd9313a29acd5df185bf645f61cbceb42368392de63555c483c3c0f,2,8,32,187,7,1,18.43524765461964,7.737912151928231,217.30565583634177,25.043908738699958,104968,False,False
test,991520079bd9313a29acd5df185bf645f61cbceb42368392de63555c483c3c0f,2,8,64,16,1,1,18.967243103929928,11.197131733280765,28.791719819088485,28.791719819088485,104968,False,False
test,991520079bd9313a29acd5df185bf645f61cbceb42368392de63555c483c3c0f,2,9,0,1216,6,3,20.189142407774277,9.857299370035607,86.72025723472669,53.59442621806505,104968,True,False
test,991520079bd9313a29acd5df185bf645f61cbceb42368392de63555c483c3c0f,2,9,4,892,5,2,20.50429305672367,9.02028693118135,116.04293381037567,73.11228070175439,104968,False,False
test,991520079bd9313a29acd5df185bf645f61cbceb42368392de63555c483c3c0f,2,9,8,731,5,2,19.929727802414888,9.273724167018136,121.7100371747212,79.69472710453284,104968,False,False
test,991520079bd9313a29acd5df185bf645f61cbceb42368392de63555c483c3c0f,2,9,16,372,4,1,17.642556382901542,8.73944492491548,125.12424242424242,63.11668853133163,104968,False,False
test,991520079bd9313a29acd5df185bf645f61cbceb42368392de63555c483c3c0f,2,9,32,168,4,1,18.186755562446702,7.906226475965157,217.30565583634177,40.12686116478167,104968,False,False
test,991520079bd9313a29acd5df185bf645f61cbceb42368392de63555c483c3c0f,2,9,64,16,1,1,18.967243103929928,11.197131733280765,28.791719819088485,28.791719819088485,104968,False,False
test,991520079bd9313a29acd5df185bf645f61cbceb42368392de63555c483c3c0f,2,10,0,1013,6,3,20.111773028857886,9.68166918809884,78.47058823529412,50.58006133211051,104968,True,False
test,991520079bd9313a29acd5df185bf645f61cbceb42368392de63555c483c3c0f,2,10,4,810,5,2,20.31131666266497,9.012852905635505,90.09444444444445,73.11228070175439,104968,False,False
test,991520079bd9313a29acd5df185bf645f61cbceb42368392de63555c483c3c0f,2,10,8,682,5,2,19.72796836495673,9.381534922626516,90.94444444444444,79.69472710453284,104968,False,False
test,991520079bd9313a29acd5df185bf645f61cbceb42368392de63555c483c3c0f,2,10,16,356,4,1,17.767093749510824,8.623754730094989,125.12424242424242,41.04088581882939,104968,False,False
test,991520079bd9313a29acd5df185bf645f61cbceb42368392de63555c483c3c0f,2,10,32,165,4,1,17.949274314319172,7.906226475965157,217.30565583634177,39.017555091506466,104968,False,False
test,991520079bd9313a29acd5df185bf645f61cbceb42368392de63555c483c3c0f,2,10,64,16,1,1,18.967243103929928,11.197131733280765,28.791719819088485,28.791719819088485,104968,False,False
test,991520079bd9313a29acd5df185bf645f61cbceb42368392de63555c483c3c0f,2,11,0,860,5,2,20.500931559576976,9.406570116566584,102.65,63.71153846153846,104968,False,False
test,991520079bd9313a29acd5df185bf645f61cbceb42368392de63555c483c3c0f,2,11,4,710,5,2,20.621269966963588,9.488347231131067,113.31111111111112,66.30568356374808,104968,False,False
test,991520079bd9313a29acd5df185bf645f61cbceb42368392de63555c483c3c0f,2,11,8,599,5,2,20.031392013080545,9.416277653744672,107.30882352941177,56.99242424242424,104968,False,False
test,991520079bd9313a29acd5df185bf645f61cbceb42368392de63555c483c3c0f,2,11,16,308,4,1,17.663439893173607,9.138817285822594,125.12424242424242,44.890736607832835,104968,False,False
test,991520079bd9313a29acd5df185bf645f61cbceb42368392de63555c483c3c0f,2,11,32,148,4,1,17.825188540791828,7.579693094629156,217.30565583634177,38.836001489561525,104968,False,False
test,991520079bd9313a29acd5df185bf645f61cbceb42368392de63555c483c3c0f,2,11,64,16,1,1,18.967243103929928,11.197131733280765,28.791719819088485,28.791719819088485,104968,False,False
test,991520079bd9313a29acd5df185bf645f61cbceb42368392de63555c483c3c0f,2,12,0,750,5,2,21.788909214050552,9.549275874249382,110.14920634920635,63.71153846153846,104968,False,False
test,991520079bd9313a29acd5df185bf645f61cbceb42368392de63555c483c3c0f,2,12,4,649,5,2,21.843777957474746,9.90014344036191,120.34827586206896,73.44074074074074,104968,False,False
test,991520079bd9313a29acd5df185bf645f61cbceb42368392de63555c483c3c0f,2,12,8,548,4,1,21.201073536610878,9.640288511076765,113.31111111111112,79.73426937521339,104968,False,False
test,991520079bd9313a29acd5df185bf645f61cbceb42368392de63555c483c3c0f,2,12,16,279,4,1,18.337550386029644,9.32934040940106,125.12424242424242,62.08719930716234,104968,False,False
test,991520079bd9313a29acd5df185bf645f61cbceb42368392de63555c483c3c0f,2,12,32,127,4,1,17.011237819549564,7.391539645499231,217.30565583634177,34.24685266706922,104968,False,False
test,991520079bd9313a29acd5df185bf645f61cbceb42368392de63555c483c3c0f,2,12,64,16,1,1,18.967243103929928,11.197131733280765,28.791719819088485,28.791719819088485,104968,False,False
test,991520079bd9313a29acd5df185bf645f61cbceb42368392de63555c483c3c0f,3,2,0,6200,12,5,14.459297223139242,16.115866839602248,51.68214285714286,32.82421667871776,104968,True,False
test,991520079bd9313a29acd5df185bf645f61cbceb42368392de63555c483c3c0f,3,2,4,3720,12,5,14.128456218174055,10.517626450624043,58.3448275862069,33.71464521006588,104968,True,False
test,991520079bd9313a29acd5df185bf645f61cbceb42368392de63555c483c3c0f,3,2,8,2687,11,4,13.349665616436575,6.024483713008303,73.08,35.62619047619047,104968,True,False
test,991520079bd9313a29acd5df185bf645f61cbceb42368392de63555c483c3c0f,3,2,16,1331,8,2,10.804461055859708,5.4042762908484345,118.41470588235295,20.287711377040353,104968,True,False
test,991520079bd9313a29acd5df185bf645f61cbceb42368392de63555c483c3c0f,3,2,32,190,8,2,18.52650036961268,7.737912151928231,217.30565583634177,30.815080179985515,104968,False,False
test,991520079bd9313a29acd5df185bf645f61cbceb42368392de63555c483c3c0f,3,2,64,16,1,1,18.967243103929928,11.197131733280765,28.791719819088485,28.791719819088485,104968,False,False
test,991520079bd9313a29acd5df185bf645f61cbceb42368392de63555c483c3c0f,3,3,0,6200,12,5,14.459297223139242,16.115866839602248,51.68214285714286,32.82421667871776,104968,True,False
test,991520079bd9313a29acd5df185bf645f61cbceb42368392de63555c483c3c0f,3,3,4,3720,12,5,14.128456218174055,10.517626450624043,58.3448275862069,33.71464521006588,104968,True,False
test,991520079bd9313a29acd5df185bf645f61cbceb42368392de63555c483c3c0f,3,3,8,2687,11,4,13.349665616436575,6.024483713008303,73.08,35.62619047619047,104968,True,False
test,991520079bd9313a29acd5df185bf645f61cbceb42368392de63555c483c3c0f,3,3,16,1331,8,2,10.804461055859708,5.4042762908484345,118.41470588235295,20.287711377040353,104968,True,False
test,991520079bd9313a29acd5df185bf645f61cbceb42368392de63555c483c3c0f,3,3,32,190,8,2,18.52650036961268,7.737912151928231,217.30565583634177,30.815080179985515,104968,False,False
test,991520079bd9313a29acd5df185bf645f61cbceb42368392de63555c483c3c0f,3,3,64,16,1,1,18.967243103929928,11.197131733280765,28.791719819088485,28.791719819088485,104968,False,False
test,991520079bd9313a29acd5df185bf645f61cbceb42368392de63555c483c3c0f,3,4,0,5687,12,5,14.420872847342434,16.29242928452579,59.51428571428571,32.922643113880895,104968,True,False
test,991520079bd9313a29acd5df185bf645f61cbceb42368392de63555c483c3c0f,3,4,4,3702,12,5,14.128743992361965,10.499781945050152,59.60689655172414,33.71464521006588,104968,True,False
test,991520079bd9313a29acd5df185bf645f61cbceb42368392de63555c483c3c0f,3,4,8,2687,11,4,13.349665616436575,6.024483713008303,73.08,35.62619047619047,104968,True,False
test,991520079bd9313a29acd5df185bf645f61cbceb42368392de63555c483c3c0f,3,4,16,1331,8,2,10.804461055859708,5.4042762908484345,118.41470588235295,20.287711377040353,104968,True,False
test,991520079bd9313a29acd5df185bf645f61cbceb42368392de63555c483c3c0f,3,4,32,190,8,2,18.52650036961268,7.737912151928231,217.30565583634177,30.815080179985515,104968,False,False
test,991520079bd9313a29acd5df185bf645f61cbceb42368392de63555c483c3c0f,3,4,64,16,1,1,18.967243103929928,11.197131733280765,28.791719819088485,28.791719819088485,104968,False,False
test,991520079bd9313a29acd5df185bf645f61cbceb42368392de63555c483c3c0f,3,5,0,5345,12,5,14.405883157619554,15.825864779874214,55.62566844919786,33.570501110143056,104968,True,False
test,991520079bd9313a29acd5df185bf645f61cbceb42368392de63555c483c3c0f,3,5,4,3606,12,5,14.146925162291653,8.701847903340441,63.24693520140105,33.68781002791155,104968,True,False
test,991520079bd9313a29acd5df185bf645f61cbceb42368392de63555c483c3c0f,3,5,8,2683,10,4,13.34599532316103,6.024483713008303,73.08,36.10358309990663,104968,True,False
test,991520079bd9313a29acd5df185bf645f61cbceb42368392de63555c483c3c0f,3,5,16,1331,8,2,10.804461055859708,5.4042762908484345,118.41470588235295,20.287711377040353,104968,True,False
test,991520079bd9313a29acd5df185bf645f61cbceb42368392de63555c483c3c0f,3,5,32,190,8,2,18.52650036961268,7.737912151928231,217.30565583634177,30.815080179985515,104968,False,False
test,991520079bd9313a29acd5df185bf645f61cbceb42368392de63555c483c3c0f,3,5,64,16,1,1,18.967243103929928,11.197131733280765,28.791719819088485,28.791719819088485,104968,False,False
test,991520079bd9313a29acd5df185bf645f61cbceb42368392de63555c483c3c0f,3,6,0,5057,12,5,14.389178379909854,15.41403903903904,56.86785714285714,33.09102263407689,104968,True,False
test,991520079bd9313a29acd5df185bf645f61cbceb42368392de63555c483c3c0f,3,6,4,3489,12,5,14.175842451312368,8.183832038353447,65.75800711743773,33.93741116751269,104968,True,False
test,991520079bd9313a29acd5df185bf645f61cbceb42368392de63555c483c3c0f,3,6,8,2641,10,4,13.422576887610754,5.951066499372647,73.31,37.50227596287991,104968,True,False
test,991520079bd9313a29acd5df185bf645f61cbceb42368392de63555c483c3c0f,3,6,16,1331,8,2,10.804461055859708,5.4042762908484345,118.41470588235295,20.287711377040353,104968,True,False
test,991520079bd9313a29acd5df185bf645f61cbceb42368392de63555c483c3c0f,3,6,32,190,8,2,18.52650036961268,7.737912151928231,217.30565583634177,30.815080179985515,104968,False,False
test,991520079bd9313a29acd5df185bf645f61cbceb42368392de63555c483c3c0f,3,6,64,16,1,1,18.967243103929928,11.197131733280765,28.791719819088485,28.791719819088485,104968,False,False
test,991520079bd9313a29acd5df185bf645f61cbceb42368392de63555c483c3c0f,3,7,0,3455,11,5,13.565845424081667,8.213346646696621,61.018450184501845,37.50841750841751,104968,True,False
test,991520079bd9313a29acd5df185bf645f61cbceb42368392de63555c483c3c0f,3,7,4,2411,11,5,13.356401611197414,5.534592370979806,67.95714285714286,37.50841750841751,104968,True,False
test,991520079bd9313a29acd5df185bf645f61cbceb42368392de63555c483c3c0f,3,7,8,1971,10,4,12.741724258202746,5.014186064738616,77.89672977624785,38.73010930570953,104968,True,False
test,991520079bd9313a29acd5df185bf645f61cbceb42368392de63555c483c3c0f,3,7,16,1270,8,2,10.711860356567783,5.412990936555891,118.58823529411765,24.111825392325986,104968,True,False
test,991520079bd9313a29acd5df185bf645f61cbceb42368392de63555c483c3c0f,3,7,32,190,8,2,18.52650036961268,7.737912151928231,217.30565583634177,30.815080179985515,104968,False,False
test,991520079bd9313a29acd5df185bf645f61cbceb42368392de63555c483c3c0f,3,7,64,16,1,1,18.967243103929928,11.197131733280765,28.791719819088485,28.791719819088485,104968,False,False
test,991520079bd9313a29acd5df185bf645f61cbceb42368392de63555c483c3c0f,3,8,0,1477,9,3,21.734704004644893,11.632666556455613,107.62666666666667,57.751835535976504,104968,True,False
test,991520079bd9313a29acd5df185bf645f61cbceb42368392de63555c483c3c0f,3,8,4,1128,8,2,22.00505563811373,10.111757704007406,107.62666666666667,63.02936604385032,104968,True,False
test,991520079bd9313a29acd5df185bf645f61cbceb42368392de63555c483c3c0f,3,8,8,897,8,2,21.28881572672519,9.036202645146828,110.71186440677967,68.24793866819849,104968,True,False
test,991520079bd9313a29acd5df185bf645f61cbceb42368392de63555c483c3c0f,3,8,16,431,7,1,18.120527715481828,8.675303848750843,125.12424242424242,22.676799007444167,104968,True,False
test,991520079bd9313a29acd5df185bf645f61cbceb42368392de63555c483c3c0f,3,8,32,187,7,1,18.43524765461964,7.737912151928231,217.30565583634177,25.043908738699958,104968,False,False
test,991520079bd9313a29acd5df185bf645f61cbceb42368392de63555c483c3c0f,3,8,64,16,1,1,18.967243103929928,11.197131733280765,28.791719819088485,28.791719819088485,104968,False,False
test,991520079bd9313a29acd5df185bf645f61cbceb42368392de63555c483c3c0f,3,9,0,1109,6,3,20.550039780821443,10.000659456607755,125.44061302681992,45.733779051257564,104968,True,False
test,991520079bd9313a29acd5df185bf645f61cbceb42368392de63555c483c3c0f,3,9,4,880,5,2,20.720824637706464,9.02028693118135,125.44061302681992,73.44074074074074,104968,False,False
test,991520079bd9313a29acd5df185bf645f61cbceb42368392de63555c483c3c0f,3,9,8,726,5,2,20.126057384567616,9.273724167018136,128.4712643678161,80.88275862068966,104968,False,False
test,991520079bd9313a29acd5df185bf645f61cbceb42368392de63555c483c3c0f,3,9,16,372,4,1,17.642556382901542,8.73944492491548,125.12424242424242,63.11668853133163,104968,False,False
test,991520079bd9313a29acd5df185bf645f61cbceb42368392de63555c483c3c0f,3,9,32,168,4,1,18.186755562446702,7.906226475965157,217.30565583634177,40.12686116478167,104968,False,False
test,991520079bd9313a29acd5df185bf645f61cbceb42368392de63555c483c3c0f,3,9,64,16,1,1,18.967243103929928,11.197131733280765,28.791719819088485,28.791719819088485,104968,False,False
test,991520079bd9313a29acd5df185bf645f61cbceb42368392de63555c483c3c0f,3,10,0,928,6,3,20.480281565281494,9.011547605570021,96.29411764705883,44.884895408856295,104968,True,False
test,991520079bd9313a29acd5df185bf645f61cbceb42368392de63555c483c3c0f,3,10,4,798,5,2,20.536364021848094,8.945224872046172,96.29411764705883,73.44074074074074,104968,False,False
test,991520079bd9313a29acd5df185bf645f61cbceb42368392de63555c483c3c0f,3,10,8,677,5,2,19.92987556922388,9.339000515198352,98.62058823529412,80.88275862068966,104968,False,False
test,991520079bd9313a29acd5df185bf645f61cbceb42368392de63555c483c3c0f,3,10,16,356,4,1,17.767093749510824,8.623754730094989,125.12424242424242,41.04088581882939,104968,False,False
test,991520079bd9313a29acd5df185bf645f61cbceb42368392de63555c483c3c0f,3,10,32,165,4,1,17.949274314319172,7.906226475965157,217.30565583634177,39.017555091506466,104968,False,False
test,991520079bd9313a29acd5df185bf645f61cbceb42368392de63555c483c3c0f,3,10,64,16,1,1,18.967243103929928,11.197131733280765,28.791719819088485,28.791719819088485,104968,False,False
test,991520079bd9313a29acd5df185bf645f61cbceb42368392de63555c483c3c0f,3,11,0,806,5,2,20.733485111240093,9.095830531271016,125.8103448275862,66.54444444444445,104968,False,False
test,991520079bd9313a29acd5df185bf645f61cbceb42368392de63555c483c3c0f,3,11,4,704,5,2,20.77084053835304,9.488347231131067,125.8103448275862,67.93447737909517,104968,False,False
test,991520079bd9313a29acd5df185bf645f61cbceb42368392de63555c483c3c0f,3,11,8,596,5,2,20.17342093989234,9.416277653744672,120.95714285714286,64.20655966503838,104968,False,False
test,991520079bd9313a29acd5df185bf645f61cbceb42368392de63555c483c3c0f,3,11,16,308,4,1,17.663439893173607,9.138817285822594,125.12424242424242,44.890736607832835,104968,False,False
test,991520079bd9313a29acd5df185bf645f61cbceb42368392de63555c483c3c0f,3,11,32,148,4,1,17.825188540791828,7.579693094629156,217.30565583634177,38.836001489561525,104968,False,False
test,991520079bd9313a29acd5df185bf645f61cbceb42368392de63555c483c3c0f,3,11,64,16,1,1,18.967243103929928,11.197131733280765,28.791719819088485,28.791719819088485,104968,False,False
test,991520079bd9313a29acd5df185bf645f61cbceb42368392de63555c483c3c0f,3,12,0,712,5,2,21.965067767038228,9.236927920836614,127.7030411449016,66.54444444444445,104968,False,False
test,991520079bd9313a29acd5df185bf645f61cbceb42368392de63555c483c3c0f,3,12,4,646,5,2,21.960213238448,9.90014344036191,127.7030411449016,73.44074074074074,104968,False,False
test,991520079bd9313a29acd5df185bf645f61cbceb42368392de63555c483c3c0f,3,12,8,546,4,1,21.31874225395408,9.640288511076765,125.8103448275862,79.89806247866166,104968,False,False
test,991520079bd9313a29acd5df185bf645f61cbceb42368392de63555c483c3c0f,3,12,16,279,4,1,18.337550386029644,9.32934040940106,125.12424242424242,62.08719930716234,104968,False,False
test,991520079bd9313a29acd5df185bf645f61cbceb42368392de63555c483c3c0f,3,12,32,127,4,1,17.011237819549564,7.391539645499231,217.30565583634177,34.24685266706922,104968,False,False
test,991520079bd9313a29acd5df185bf645f61cbceb42368392de63555c483c3c0f,3,12,64,16,1,1,18.967243103929928,11.197131733280765,28.791719819088485,28.791719819088485,104968,False,False
test,991520079bd9313a29acd5df185bf645f61cbceb42368392de63555c483c3c0f,4,2,0,5004,12,5,14.353975004631263,15.477852852852854,92.46666666666667,32.56017009906152,104968,True,False
test,991520079bd9313a29acd5df185bf645f61cbceb42368392de63555c483c3c0f,4,2,4,3603,12,5,14.157922219406995,10.630345126980682,92.46666666666667,34.305986258230746,104968,True,False
test,991520079bd9313a29acd5df185bf645f61cbceb42368392de63555c483c3c0f,4,2,8,2674,11,4,13.399341414863121,5.97796288485871,73.27666666666667,35.62619047619047,104968,True,False
test,991520079bd9313a29acd5df185bf645f61cbceb42368392de63555c483c3c0f,4,2,16,1331,8,2,10.804461055859708,5.4042762908484345,118.41470588235295,20.287711377040353,104968,True,False
test,991520079bd9313a29acd5df185bf645f61cbceb42368392de63555c483c3c0f,4,2,32,190,8,2,18.52650036961268,7.737912151928231,217.30565583634177,30.815080179985515,104968,False,False
test,991520079bd9313a29acd5df185bf645f61cbceb42368392de63555c483c3c0f,4,2,64,16,1,1,18.967243103929928,11.197131733280765,28.791719819088485,28.791719819088485,104968,False,False
test,991520079bd9313a29acd5df185bf645f61cbceb42368392de63555c483c3c0f,4,3,0,5004,12,5,14.353975004631263,15.477852852852854,92.46666666666667,32.56017009906152,104968,True,False
test,991520079bd9313a29acd5df185bf645f61cbceb42368392de63555c483c3c0f,4,3,4,3603,12,5,14.157922219406995,10.630345126980682,92.46666666666667,34.305986258230746,104968,True,False
test,991520079bd9313a29acd5df185bf645f61cbceb42368392de63555c483c3c0f,4,3,8,2674,11,4,13.399341414863121,5.97796288485871,73.27666666666667,35.62619047619047,104968,True,False
test,991520079bd9313a29acd5df185bf645f61cbceb42368392de63555c483c3c0f,4,3,16,1331,8,2,10.804461055859708,5.4042762908484345,118.41470588235295,20.287711377040353,104968,True,False
test,991520079bd9313a29acd5df185bf645f61cbceb42368392de63555c483c3c0f,4,3,32,190,8,2,18.52650036961268,7.737912151928231,217.30565583634177,30.815080179985515,104968,False,False
test,991520079bd9313a29acd5df185bf645f61cbceb42368392de63555c483c3c0f,4,3,64,16,1,1,18.967243103929928,11.197131733280765,28.791719819088485,28.791719819088485,104968,False,False
test,991520079bd9313a29acd5df185bf645f61cbceb42368392de63555c483c3c0f,4,4,0,5004,12,5,14.353975004631263,15.477852852852854,92.46666666666667,32.56017009906152,104968,True,False
test,991520079bd9313a29acd5df185bf645f61cbceb42368392de63555c483c3c0f,4,4,4,3603,12,5,14.157922219406995,10.630345126980682,92.46666666666667,34.305986258230746,104968,True,False
test,991520079bd9313a29acd5df185bf645f61cbceb42368392de63555c483c3c0f,4,4,8,2674,11,4,13.399341414863121,5.97796288485871,73.27666666666667,35.62619047619047,104968,True,False
test,991520079bd9313a29acd5df185bf645f61cbceb42368392de63555c483c3c0f,4,4,16,1331,8,2,10.804461055859708,5.4042762908484345,118.41470588235295,20.287711377040353,104968,True,False
test,991520079bd9313a29acd5df185bf645f61cbceb42368392de63555c483c3c0f,4,4,32,190,8,2,18.52650036961268,7.737912151928231,217.30565583634177,30.815080179985515,104968,False,False
test,991520079bd9313a29acd5df185bf645f61cbceb42368392de63555c483c3c0f,4,4,64,16,1,1,18.967243103929928,11.197131733280765,28.791719819088485,28.791719819088485,104968,False,False
test,991520079bd9313a29acd5df185bf645f61cbceb42368392de63555c483c3c0f,4,5,0,4911,11,5,14.346496116531746,15.18731778425656,57.35231316725979,32.46811070998797,104968,True,False
test,991520079bd9313a29acd5df185bf645f61cbceb42368392de63555c483c3c0f,4,5,4,3534,11,5,14.157513662074336,8.593075852470424,63.87068965517241,34.19714285714286,104968,True,False
test,991520079bd9313a29acd5df185bf645f61cbceb42368392de63555c483c3c0f,4,5,8,2670,10,4,13.395706242134326,5.97796288485871,73.31,36.30369496855346,104968,True,False
test,991520079bd9313a29acd5df185bf645f61cbceb42368392de63555c483c3c0f,4,5,16,1331,8,2,10.804461055859708,5.4042762908484345,118.41470588235295,20.287711377040353,104968,True,False
test,991520079bd9313a29acd5df185bf645f61cbceb42368392de63555c483c3c0f,4,5,32,190,8,2,18.52650036961268,7.737912151928231,217.30565583634177,30.815080179985515,104968,False,False
test,991520079bd9313a29acd5df185bf645f61cbceb42368392de63555c483c3c0f,4,5,64,16,1,1,18.967243103929928,11.197131733280765,28.791719819088485,28.791719819088485,104968,False,False
test,991520079bd9313a29acd5df185bf645f61cbceb42368392de63555c483c3c0f,4,6,0,4798,11,5,14.376744140563957,14.436363636363636,58.232142857142854,32.985559566787,104968,True,False
test,991520079bd9313a29acd5df185bf645f61cbceb42368392de63555c483c3c0f,4,6,4,3441,11,5,14.189326419799412,8.230120681104315,65.00175131348512,34.19714285714286,104968,True,False
test,991520079bd9313a29acd5df185bf645f61cbceb42368392de63555c483c3c0f,4,6,8,2629,10,4,13.469886128109312,5.881092220504894,73.37666666666667,37.517442303388705,104968,True,False
test,991520079bd9313a29acd5df185bf645f61cbceb42368392de63555c483c3c0f,4,6,16,1331,8,2,10.804461055859708,5.4042762908484345,118.41470588235295,20.287711377040353,104968,True,False
test,991520079bd9313a29acd5df185bf645f61cbceb42368392de63555c483c3c0f,4,6,32,190,8,2,18.52650036961268,7.737912151928231,217.30565583634177,30.815080179985515,104968,False,False
test,991520079bd9313a29acd5df185bf645f61cbceb42368392de63555c483c3c0f,4,6,64,16,1,1,18.967243103929928,11.197131733280765,28.791719819088485,28.791719819088485,104968,False,False
test,991520079bd9313a29acd5df185bf645f61cbceb42368392de63555c483c3c0f,4,7,0,3306,11,5,13.570075770703628,8.013787638668779,60.52142857142857,37.61167227833894,104968,True,False
test,991520079bd9313a29acd5df185bf645f61cbceb42368392de63555c483c3c0f,4,7,4,2379,11,5,13.379273479751971,5.234946141621049,68.88928571428572,37.61167227833894,104968,True,False
test,991520079bd9313a29acd5df185bf645f61cbceb42368392de63555c483c3c0f,4,7,8,1960,10,4,12.794503290388173,5.014186064738616,78.33676975945018,38.73010930570953,104968,True,False
test,991520079bd9313a29acd5df185bf645f61cbceb42368392de63555c483c3c0f,4,7,16,1270,8,2,10.711860356567783,5.412990936555891,118.58823529411765,24.111825392325986,104968,True,False
test,991520079bd9313a29acd5df185bf645f61cbceb42368392de63555c483c3c0f,4,7,32,190,8,2,18.52650036961268,7.737912151928231,217.30565583634177,30.815080179985515,104968,False,False
test,991520079bd9313a29acd5df185bf645f61cbceb42368392de63555c483c3c0f,4,7,64,16,1,1,18.967243103929928,11.197131733280765,28.791719819088485,28.791719819088485,104968,False,False
test,991520079bd9313a29acd5df185bf645f61cbceb42368392de63555c483c3c0f,4,8,0,1433,8,2,21.968820506876835,11.55326797385621,108.6,64.3712616222325,104968,True,False
test,991520079bd9313a29acd5df185bf645f61cbceb42368392de63555c483c3c0f,4,8,4,1103,8,2,22.25227974119197,10.086256924294382,108.6,64.50201450626406,104968,True,False
test,991520079bd9313a29acd5df185bf645f61cbceb42368392de63555c483c3c0f,4,8,8,886,8,2,21.615172380977786,9.036202645146828,112.89655172413794,68.24793866819849,104968,True,False
test,991520079bd9313a29acd5df185bf645f61cbceb42368392de63555c483c3c0f,4,8,16,431,7,1,18.120527715481828,8.675303848750843,125.12424242424242,22.676799007444167,104968,True,False
test,991520079bd9313a29acd5df185bf645f61cbceb42368392de63555c483c3c0f,4,8,32,187,7,1,18.43524765461964,7.737912151928231,217.30565583634177,25.043908738699958,104968,False,False
test,991520079bd9313a29acd5df185bf645f61cbceb42368392de63555c483c3c0f,4,8,64,16,1,1,18.967243103929928,11.197131733280765,28.791719819088485,28.791719819088485,104968,False,False
test,991520079bd9313a29acd5df185bf645f61cbceb42368392de63555c483c3c0f,4,9,0,1077,5,2,20.80817409365139,9.99281139720298,128.4712643678161,68.43703703703704,104968,False,False
test,991520079bd9313a29acd5df185bf645f61cbceb42368392de63555c483c3c0f,4,9,4,861,5,2,20.98965104975239,8.97815669229912,128.4712643678161,74.9409594095941,104968,False,False
test,991520079bd9313a29acd5df185bf645f61cbceb42368392de63555c483c3c0f,4,9,8,716,5,2,20.44271893847231,9.280008364700961,128.9270633397313,81.03620689655172,104968,False,False
test,991520079bd9313a29acd5df185bf645f61cbceb42368392de63555c483c3c0f,4,9,16,372,4,1,17.642556382901542,8.73944492491548,125.12424242424242,63.11668853133163,104968,False,False
test,991520079bd9313a29acd5df185bf645f61cbceb42368392de63555c483c3c0f,4,9,32,168,4,1,18.186755562446702,7.906226475965157,217.30565583634177,40.12686116478167,104968,False,False
test,991520079bd9313a29acd5df185bf645f61cbceb42368392de63555c483c3c0f,4,9,64,16,1,1,18.967243103929928,11.197131733280765,28.791719819088485,28.791719819088485,104968,False,False
test,991520079bd9313a29acd5df185bf645f61cbceb42368392de63555c483c3c0f,4,10,0,900,5,2,20.771141457976668,9.044492244990376,98.62058823529412,68.43703703703704,104968,False,False
test,991520079bd9313a29acd5df185bf645f61cbceb42368392de63555c483c3c0f,4,10,4,780,5,2,20.83201577146112,8.945224872046172,98.62058823529412,74.9409594095941,104968,False,False
test,991520079bd9313a29acd5df185bf645f61cbceb42368392de63555c483c3c0f,4,10,8,668,5,2,20.272690419880842,9.339000515198352,104.79095163806552,81.03620689655172,104968,False,False
test,991520079bd9313a29acd5df185bf645f61cbceb42368392de63555c483c3c0f,4,10,16,356,4,1,17.767093749510824,8.623754730094989,125.12424242424242,41.04088581882939,104968,False,False
test,991520079bd9313a29acd5df185bf645f61cbceb42368392de63555c483c3c0f,4,10,32,165,4,1,17.949274314319172,7.906226475965157,217.30565583634177,39.017555091506466,104968,False,False
test,991520079bd9313a29acd5df185bf645f61cbceb42368392de63555c483c3c0f,4,10,64,16,1,1,18.967243103929928,11.197131733280765,28.791719819088485,28.791719819088485,104968,False,False
test,991520079bd9313a29acd5df185bf645f61cbceb42368392de63555c483c3c0f,4,11,0,783,5,2,20.883804326572054,9.143430290872617,120.95714285714286,68.43703703703704,104968,False,False
test,991520079bd9313a29acd5df185bf645f61cbceb42368392de63555c483c3c0f,4,11,4,689,5,2,20.92178682073951,9.551309346391314,120.95714285714286,69.66535742340928,104968,False,False
test,991520079bd9313a29acd5df185bf645f61cbceb42368392de63555c483c3c0f,4,11,8,589,5,2,20.37368248036591,9.416277653744672,120.95714285714286,81.03620689655172,104968,False,False
test,991520079bd9313a29acd5df185bf645f61cbceb42368392de63555c483c3c0f,4,11,16,308,4,1,17.663439893173607,9.138817285822594,125.12424242424242,44.890736607832835,104968,False,False
test,991520079bd9313a29acd5df185bf645f61cbceb42368392de63555c483c3c0f,4,11,32,148,4,1,17.825188540791828,7.579693094629156,217.30565583634177,38.836001489561525,104968,False,False
test,991520079bd9313a29acd5df185bf645f61cbceb42368392de63555c483c3c0f,4,11,64,16,1,1,18.967243103929928,11.197131733280765,28.791719819088485,28.791719819088485,104968,False,False
test,991520079bd9313a29acd5df185bf645f61cbceb42368392de63555c483c3c0f,4,12,0,693,5,2,22.020881913804963,9.334790405738623,125.8103448275862,68.43703703703704,104968,False,False
test,991520079bd9313a29acd5df185bf645f61cbceb42368392de63555c483c3c0f,4,12,4,634,5,2,22.010369457235054,9.740462117141321,125.8103448275862,74.9409594095941,104968,False,False
test,991520079bd9313a29acd5df185bf645f61cbceb42368392de63555c483c3c0f,4,12,8,541,4,1,21.408307880937524,9.640288511076765,125.8103448275862,79.9747866165927,104968,False,False
test,991520079bd9313a29acd5df185bf645f61cbceb42368392de63555c483c3c0f,4,12,16,279,4,1,18.337550386029644,9.32934040940106,125.12424242424242,62.08719930716234,104968,False,False
test,991520079bd9313a29acd5df185bf645f61cbceb42368392de63555c483c3c0f,4,12,32,127,4,1,17.011237819549564,7.391539645499231,217.30565583634177,34.24685266706922,104968,False,False
test,991520079bd9313a29acd5df185bf645f61cbceb42368392de63555c483c3c0f,4,12,64,16,1,1,18.967243103929928,11.197131733280765,28.791719819088485,28.791719819088485,104968,False,False
test,991520079bd9313a29acd5df185bf645f61cbceb42368392de63555c483c3c0f,5,2,0,2292,11,5,12.118620926742148,4.981785063752277,99.86833333333334,29.21891418563923,104968,True,False
test,991520079bd9313a29acd5df185bf645f61cbceb42368392de63555c483c3c0f,5,2,4,2029,11,5,12.005057130260212,4.910999292397201,102.83194675540766,29.21891418563923,104968,True,False
test,991520079bd9313a29acd5df185bf645f61cbceb42368392de63555c483c3c0f,5,2,8,1844,10,4,11.762907668808912,5.103798449612403,102.91362126245848,23.284693224531587,104968,True,False
test,991520079bd9313a29acd5df185bf645f61cbceb42368392de63555c483c3c0f,5,2,16,1313,8,2,10.734071569496157,5.406141015921152,118.31424375917769,20.71233353401051,104968,True,False
test,991520079bd9313a29acd5df185bf645f61cbceb42368392de63555c483c3c0f,5,2,32,190,8,2,18.52650036961268,7.737912151928231,217.30565583634177,30.815080179985515,104968,False,False
test,991520079bd9313a29acd5df185bf645f61cbceb42368392de63555c483c3c0f,5,2,64,16,1,1,18.967243103929928,11.197131733280765,28.791719819088485,28.791719819088485,104968,False,False
test,991520079bd9313a29acd5df185bf645f61cbceb42368392de63555c483c3c0f,5,3,0,2292,11,5,12.118620926742148,4.981785063752277,99.86833333333334,29.21891418563923,104968,True,False
test,991520079bd9313a29acd5df185bf645f61cbceb42368392de63555c483c3c0f,5,3,4,2029,11,5,12.005057130260212,4.910999292397201,102.83194675540766,29.21891418563923,104968,True,False
test,991520079bd9313a29acd5df185bf645f61cbceb42368392de63555c483c3c0f,5,3,8,1844,10,4,11.762907668808912,5.103798449612403,102.91362126245848,23.284693224531587,104968,True,False
test,991520079bd9313a29acd5df185bf645f61cbceb42368392de63555c483c3c0f,5,3,16,1313,8,2,10.734071569496157,5.406141015921152,118.31424375917769,20.71233353401051,104968,True,False
test,991520079bd9313a29acd5df185bf645f61cbceb42368392de63555c483c3c0f,5,3,32,190,8,2,18.52650036961268,7.737912151928231,217.30565583634177,30.815080179985515,104968,False,False
test,991520079bd9313a29acd5df185bf645f61cbceb42368392de63555c483c3c0f,5,3,64,16,1,1,18.967243103929928,11.197131733280765,28.791719819088485,28.791719819088485,104968,False,False
test,991520079bd9313a29acd5df185bf645f61cbceb42368392de63555c483c3c0f,5,4,0,2292,11,5,12.118620926742148,4.981785063752277,99.86833333333334,29.21891418563923,104968,True,False
test,991520079bd9313a29acd5df185bf645f61cbceb42368392de63555c483c3c0f,5,4,4,2029,11,5,12.005057130260212,4.910999292397201,102.83194675540766,29.21891418563923,104968,True,False
test,991520079bd9313a29acd5df185bf645f61cbceb42368392de63555c483c3c0f,5,4,8,1844,10,4,11.762907668808912,5.103798449612403,102.91362126245848,23.284693224531587,104968,True,False
test,991520079bd9313a29acd5df185bf645f61cbceb42368392de63555c483c3c0f,5,4,16,1313,8,2,10.734071569496157,5.406141015921152,118.31424375917769,20.71233353401051,104968,True,False
test,991520079bd9313a29acd5df185bf645f61cbceb42368392de63555c483c3c0f,5,4,32,190,8,2,18.52650036961268,7.737912151928231,217.30565583634177,30.815080179985515,104968,False,False
test,991520079bd9313a29acd5df185bf645f61cbceb42368392de63555c483c3c0f,5,4,64,16,1,1,18.967243103929928,11.197131733280765,28.791719819088485,28.791719819088485,104968,False,False
test,991520079bd9313a29acd5df185bf645f61cbceb42368392de63555c483c3c0f,5,5,0,2292,11,5,12.118620926742148,4.981785063752277,99.86833333333334,29.21891418563923,104968,True,False
test,991520079bd9313a29acd5df185bf645f61cbceb42368392de63555c483c3c0f,5,5,4,2029,11,5,12.005057130260212,4.910999292397201,102.83194675540766,29.21891418563923,104968,True,False
test,991520079bd9313a29acd5df185bf645f61cbceb42368392de63555c483c3c0f,5,5,8,1844,10,4,11.762907668808912,5.103798449612403,102.91362126245848,23.284693224531587,104968,True,False
test,991520079bd9313a29acd5df185bf645f61cbceb42368392de63555c483c3c0f,5,5,16,1313,8,2,10.734071569496157,5.406141015921152,118.31424375917769,20.71233353401051,104968,True,False
test,991520079bd9313a29acd5df185bf645f61cbceb42368392de63555c483c3c0f,5,5,32,190,8,2,18.52650036961268,7.737912151928231,217.30565583634177,30.815080179985515,104968,False,False
test,991520079bd9313a29acd5df185bf645f61cbceb42368392de63555c483c3c0f,5,5,64,16,1,1,18.967243103929928,11.197131733280765,28.791719819088485,28.791719819088485,104968,False,False
test,991520079bd9313a29acd5df185bf645f61cbceb42368392de63555c483c3c0f,5,6,0,2248,11,5,12.157117416390076,4.9492123400065635,99.95,29.716363636363635,104968,True,False
test,991520079bd9313a29acd5df185bf645f61cbceb42368392de63555c483c3c0f,5,6,4,1992,11,5,12.045740072444518,4.9129242103613135,102.7109634551495,29.934664246823957,104968,True,False
test,991520079bd9313a29acd5df185bf645f61cbceb42368392de63555c483c3c0f,5,6,8,1812,10,4,11.807735919265474,5.0992354621978535,103.04485049833887,24.268499374769092,104968,True,False
test,991520079bd9313a29acd5df185bf645f61cbceb42368392de63555c483c3c0f,5,6,16,1313,8,2,10.734071569496157,5.406141015921152,118.31424375917769,20.71233353401051,104968,True,False
test,991520079bd9313a29acd5df185bf645f61cbceb42368392de63555c483c3c0f,5,6,32,190,8,2,18.52650036961268,7.737912151928231,217.30565583634177,30.815080179985515,104968,False,False
test,991520079bd9313a29acd5df185bf645f61cbceb42368392de63555c483c3c0f,5,6,64,16,1,1,18.967243103929928,11.197131733280765,28.791719819088485,28.791719819088485,104968,False,False
test,991520079bd9313a29acd5df185bf645f61cbceb42368392de63555c483c3c0f,5,7,0,1778,11,5,11.741299114503494,5.120009267124875,103.38833333333334,31.153895685769477,104968,True,False
test,991520079bd9313a29acd5df185bf645f61cbceb42368392de63555c483c3c0f,5,7,4,1581,11,5,11.652353153892296,5.255342044581091,105.16943521594685,32.32674118658642,104968,True,False
test,991520079bd9313a29acd5df185bf645f61cbceb42368392de63555c483c3c0f,5,7,8,1485,10,4,11.491460534500186,5.3686830015313936,106.93687707641196,32.755620626972146,104968,True,False
test,991520079bd9313a29acd5df185bf645f61cbceb42368392de63555c483c3c0f,5,7,16,1258,8,2,10.681017434662225,5.415256797583082,118.26686217008798,25.755760912293262,104968,True,False
test,991520079bd9313a29acd5df185bf645f61cbceb42368392de63555c483c3c0f,5,7,32,190,8,2,18.52650036961268,7.737912151928231,217.30565583634177,30.815080179985515,104968,False,False
test,991520079bd9313a29acd5df185bf645f61cbceb42368392de63555c483c3c0f,5,7,64,16,1,1,18.967243103929928,11.197131733280765,28.791719819088485,28.791719819088485,104968,False,False
test,991520079bd9313a29acd5df185bf645f61cbceb42368392de63555c483c3c0f,5,8,0,713,8,2,20.018895045556768,9.358287642345003,107.89333333333333,30.867243867243868,104968,True,False
test,991520079bd9313a29acd5df185bf645f61cbceb42368392de63555c483c3c0f,5,8,4,613,8,2,20.076900843836945,9.265250379362671,109.44833333333334,31.99094941689919,104968,True,False
test,991520079bd9313a29acd5df185bf645f61cbceb42368392de63555c483c3c0f,5,8,8,546,8,2,19.823349843813755,9.120077783179388,109.44833333333334,31.99094941689919,104968,True,False
test,991520079bd9313a29acd5df185bf645f61cbceb42368392de63555c483c3c0f,5,8,16,419,7,1,18.208171206225682,8.714108296075509,125.95158850226929,22.676799007444167,104968,True,False
test,991520079bd9313a29acd5df185bf645f61cbceb42368392de63555c483c3c0f,5,8,32,187,7,1,18.43524765461964,7.737912151928231,217.30565583634177,25.043908738699958,104968,False,False
test,991520079bd9313a29acd5df185bf645f61cbceb42368392de63555c483c3c0f,5,8,64,16,1,1,18.967243103929928,11.197131733280765,28.791719819088485,28.791719819088485,104968,False,False
test,991520079bd9313a29acd5df185bf645f61cbceb42368392de63555c483c3c0f,5,9,0,542,5,2,19.135101131069987,9.120077783179388,110.3,34.458211382113824,104968,False,False
test,991520079bd9313a29acd5df185bf645f61cbceb42368392de63555c483c3c0f,5,9,4,477,5,2,19.175785920570977,8.909853982687768,111.53333333333333,36.73145780051151,104968,False,False
test,991520079bd9313a29acd5df185bf645f61cbceb42368392de63555c483c3c0f,5,9,8,450,5,2,19.091382817063867,8.748957180556738,111.53333333333333,53.28761651131824,104968,False,False
test,991520079bd9313a29acd5df185bf645f61cbceb42368392de63555c483c3c0f,5,9,16,360,4,1,17.72639676607163,8.73944492491548,125.95158850226929,71.52430271527727,104968,False,False
test,991520079bd9313a29acd5df185bf645f61cbceb42368392de63555c483c3c0f,5,9,32,168,4,1,18.186755562446702,7.906226475965157,217.30565583634177,40.12686116478167,104968,False,False
test,991520079bd9313a29acd5df185bf645f61cbceb42368392de63555c483c3c0f,5,9,64,16,1,1,18.967243103929928,11.197131733280765,28.791719819088485,28.791719819088485,104968,False,False
test,991520079bd9313a29acd5df185bf645f61cbceb42368392de63555c483c3c0f,5,10,0,456,5,2,19.072957173244145,8.98609775290723,110.3,34.458211382113824,104968,False,False
test,991520079bd9313a29acd5df185bf645f61cbceb42368392de63555c483c3c0f,5,10,4,427,5,2,19.084544689413654,8.749893589852729,111.53333333333333,45.575149213239285,104968,False,False
test,991520079bd9313a29acd5df185bf645f61cbceb42368392de63555c483c3c0f,5,10,8,417,5,2,19.025009023172284,8.88327143821742,111.53333333333333,45.575149213239285,104968,False,False
test,991520079bd9313a29acd5df185bf645f61cbceb42368392de63555c483c3c0f,5,10,16,344,4,1,17.857791583150203,8.623754730094989,125.95158850226929,57.04020582167776,104968,False,False
test,991520079bd9313a29acd5df185bf645f61cbceb42368392de63555c483c3c0f,5,10,32,165,4,1,17.949274314319172,7.906226475965157,217.30565583634177,39.017555091506466,104968,False,False
test,991520079bd9313a29acd5df185bf645f61cbceb42368392de63555c483c3c0f,5,10,64,16,1,1,18.967243103929928,11.197131733280765,28.791719819088485,28.791719819088485,104968,False,False
test,991520079bd9313a29acd5df185bf645f61cbceb42368392de63555c483c3c0f,5,11,0,388,5,2,19.103019786527472,9.196742066171506,110.3,33.71608527131783,104968,False,False
test,991520079bd9313a29acd5df185bf645f61cbceb42368392de63555c483c3c0f,5,11,4,370,5,2,19.11794871235459,9.203262129491637,111.53333333333333,39.08695652173913,104968,False,False
test,991520079bd9313a29acd5df185bf645f61cbceb42368392de63555c483c3c0f,5,11,8,363,5,2,19.096710332937032,9.203262129491637,111.53333333333333,96.31977818853974,104968,False,False
test,991520079bd9313a29acd5df185bf645f61cbceb42368392de63555c483c3c0f,5,11,16,296,4,1,17.76202136402844,6.534143456285622,125.95158850226929,65.96812438838752,104968,False,False
test,991520079bd9313a29acd5df185bf645f61cbceb42368392de63555c483c3c0f,5,11,32,148,4,1,17.825188540791828,7.579693094629156,217.30565583634177,38.836001489561525,104968,False,False
test,991520079bd9313a29acd5df185bf645f61cbceb42368392de63555c483c3c0f,5,11,64,16,1,1,18.967243103929928,11.197131733280765,28.791719819088485,28.791719819088485,104968,False,False
test,991520079bd9313a29acd5df185bf645f61cbceb42368392de63555c483c3c0f,5,12,0,340,5,2,20.05585267649872,9.911156474660514,131.06438896189223,34.02097902097902,104968,False,False
test,991520079bd9313a29acd5df185bf645f61cbceb42368392de63555c483c3c0f,5,12,4,334,5,2,20.02928657104811,9.992130803532396,131.06438896189223,34.02097902097902,104968,False,False
test,991520079bd9313a29acd5df185bf645f61cbceb42368392de63555c483c3c0f,5,12,8,330,4,1,20.03393616355934,9.992130803532396,131.06438896189223,72.77715617715617,104968,False,False
test,991520079bd9313a29acd5df185bf645f61cbceb42368392de63555c483c3c0f,5,12,16,267,4,1,18.47683854075206,9.32934040940106,131.06438896189223,79.98628376162415,104968,False,False
test,991520079bd9313a29acd5df185bf645f61cbceb42368392de63555c483c3c0f,5,12,32,127,4,1,17.011237819549564,7.391539645499231,217.30565583634177,34.24685266706922,104968,False,False
test,991520079bd9313a29acd5df185bf645f61cbceb42368392de63555c483c3c0f,5,12,64,16,1,1,18.967243103929928,11.197131733280765,28.791719819088485,28.791719819088485,104968,False,False
test,991520079bd9313a29acd5df185bf645f61cbceb42368392de63555c483c3c0f,6,2,0,1311,11,5,10.868406363869465,5.353832102899764,125.92243767313019,30.184418746195984,104968,True,False
test,991520079bd9313a29acd5df185bf645f61cbceb42368392de63555c483c3c0f,6,2,4,1300,11,5,10.863895108173843,5.353832102899764,125.92243767313019,30.184418746195984,104968,True,False
test,991520079bd9313a29acd5df185bf645f61cbceb42368392de63555c483c3c0f,6,2,8,1265,10,4,10.801607145049342,5.3397528243233,125.92243767313019,20.866337858572997,104968,True,False
test,991520079bd9313a29acd5df185bf645f61cbceb42368392de63555c483c3c0f,6,2,16,1175,8,2,10.619177861073048,5.415256797583082,140.63714285714286,22.007945699289756,104968,True,False
test,991520079bd9313a29acd5df185bf645f61cbceb42368392de63555c483c3c0f,6,2,32,190,8,2,18.52650036961268,7.737912151928231,217.30565583634177,30.815080179985515,104968,False,False
test,991520079bd9313a29acd5df185bf645f61cbceb42368392de63555c483c3c0f,6,2,64,16,1,1,18.967243103929928,11.197131733280765,28.791719819088485,28.791719819088485,104968,False,False
test,991520079bd9313a29acd5df185bf645f61cbceb42368392de63555c483c3c0f,6,3,0,1311,11,5,10.868406363869465,5.353832102899764,125.92243767313019,30.184418746195984,104968,True,False
test,991520079bd9313a29acd5df185bf645f61cbceb42368392de63555c483c3c0f,6,3,4,1300,11,5,10.863895108173843,5.353832102899764,125.92243767313019,30.184418746195984,104968,True,False
test,991520079bd9313a29acd5df185bf645f61cbceb42368392de63555c483c3c0f,6,3,8,1265,10,4,10.801607145049342,5.3397528243233,125.92243767313019,20.866337858572997,104968,True,False
test,991520079bd9313a29acd5df185bf645f61cbceb42368392de63555c483c3c0f,6,3,16,1175,8,2,10.619177861073048,5.415256797583082,140.63714285714286,22.007945699289756,104968,True,False
test,991520079bd9313a29acd5df185bf645f61cbceb42368392de63555c483c3c0f,6,3,32,190,8,2,18.52650036961268,7.737912151928231,217.30565583634177,30.815080179985515,104968,False,False
test,991520079bd9313a29acd5df185bf645f61cbceb42368392de63555c483c3c0f,6,3,64,16,1,1,18.967243103929928,11.197131733280765,28.791719819088485,28.791719819088485,104968,False,False
test,991520079bd9313a29acd5df185bf645f61cbceb42368392de63555c483c3c0f,6,4,0,1311,11,5,10.868406363869465,5.353832102899764,125.92243767313019,30.184418746195984,104968,True,False
test,991520079bd9313a29acd5df185bf645f61cbceb42368392de63555c483c3c0f,6,4,4,1300,11,5,10.863895108173843,5.353832102899764,125.92243767313019,30.184418746195984,104968,True,False
test,991520079bd9313a29acd5df185bf645f61cbceb42368392de63555c483c3c0f,6,4,8,1265,10,4,10.801607145049342,5.3397528243233,125.92243767313019,20.866337858572997,104968,True,False
test,991520079bd9313a29acd5df185bf645f61cbceb42368392de63555c483c3c0f,6,4,16,1175,8,2,10.619177861073048,5.415256797583082,140.63714285714286,22.007945699289756,104968,True,False
test,991520079bd9313a29acd5df185bf645f61cbceb42368392de63555c483c3c0f,6,4,32,190,8,2,18.52650036961268,7.737912151928231,217.30565583634177,30.815080179985515,104968,False,False
test,991520079bd9313a29acd5df185bf645f61cbceb42368392de63555c483c3c0f,6,4,64,16,1,1,18.967243103929928,11.197131733280765,28.791719819088485,28.791719819088485,104968,False,False
test,991520079bd9313a29acd5df185bf645f61cbceb42368392de63555c483c3c0f,6,5,0,1311,11,5,10.868406363869465,5.353832102899764,125.92243767313019,30.184418746195984,104968,True,False
test,991520079bd9313a29acd5df185bf645f61cbceb42368392de63555c483c3c0f,6,5,4,1300,11,5,10.863895108173843,5.353832102899764,125.92243767313019,30.184418746195984,104968,True,False
test,991520079bd9313a29acd5df185bf645f61cbceb42368392de63555c483c3c0f,6,5,8,1265,10,4,10.801607145049342,5.3397528243233,125.92243767313019,20.866337858572997,104968,True,False
test,991520079bd9313a29acd5df185bf645f61cbceb42368392de63555c483c3c0f,6,5,16,1175,8,2,10.619177861073048,5.415256797583082,140.63714285714286,22.007945699289756,104968,True,False
test,991520079bd9313a29acd5df185bf645f61cbceb42368392de63555c483c3c0f,6,5,32,190,8,2,18.52650036961268,7.737912151928231,217.30565583634177,30.815080179985515,104968,False,False
test,991520079bd9313a29acd5df185bf645f61cbceb42368392de63555c483c3c0f,6,5,64,16,1,1,18.967243103929928,11.197131733280765,28.791719819088485,28.791719819088485,104968,False,False
test,991520079bd9313a29acd5df185bf645f61cbceb42368392de63555c483c3c0f,6,6,0,1311,11,5,10.868406363869465,5.353832102899764,125.92243767313019,30.184418746195984,104968,True,False
test,991520079bd9313a29acd5df185bf645f61cbceb42368392de63555c483c3c0f,6,6,4,1300,11,5,10.863895108173843,5.353832102899764,125.92243767313019,30.184418746195984,104968,True,False
test,991520079bd9313a29acd5df185bf645f61cbceb42368392de63555c483c3c0f,6,6,8,1265,10,4,10.801607145049342,5.3397528243233,125.92243767313019,20.866337858572997,104968,True,False
test,991520079bd9313a29acd5df185bf645f61cbceb42368392de63555c483c3c0f,6,6,16,1175,8,2,10.619177861073048,5.415256797583082,140.63714285714286,22.007945699289756,104968,True,False
test,991520079bd9313a29acd5df185bf645f61cbceb42368392de63555c483c3c0f,6,6,32,190,8,2,18.52650036961268,7.737912151928231,217.30565583634177,30.815080179985515,104968,False,False
test,991520079bd9313a29acd5df185bf645f61cbceb42368392de63555c483c3c0f,6,6,64,16,1,1,18.967243103929928,11.197131733280765,28.791719819088485,28.791719819088485,104968,False,False
test,991520079bd9313a29acd5df185bf645f61cbceb42368392de63555c483c3c0f,6,7,0,1214,11,5,10.75440504987032,5.403129488245521,130.74792243767314,25.898261429491306,104968,True,False
test,991520079bd9313a29acd5df185bf645f61cbceb42368392de63555c483c3c0f,6,7,4,1204,11,5,10.750674105279138,5.403129488245521,130.74792243767314,25.898261429491306,104968,True,False
test,991520079bd9313a29acd5df185bf645f61cbceb42368392de63555c483c3c0f,6,7,8,1177,10,4,10.701128494063877,5.415256797583082,130.74792243767314,24.023262228393296,104968,True,False
test,991520079bd9313a29acd5df185bf645f61cbceb42368392de63555c483c3c0f,6,7,16,1124,8,2,10.565240142098881,5.463642528822244,140.63714285714286,25.774157820001353,104968,True,False
test,991520079bd9313a29acd5df185bf645f61cbceb42368392de63555c483c3c0f,6,7,32,190,8,2,18.52650036961268,7.737912151928231,217.30565583634177,30.815080179985515,104968,False,False
test,991520079bd9313a29acd5df185bf645f61cbceb42368392de63555c483c3c0f,6,7,64,16,1,1,18.967243103929928,11.197131733280765,28.791719819088485,28.791719819088485,104968,False,False
test,991520079bd9313a29acd5df185bf645f61cbceb42368392de63555c483c3c0f,6,8,0,381,8,2,20.882461401327777,10.739503252513305,141.94428152492668,29.464817440623893,104968,True,False
test,991520079bd9313a29acd5df185bf645f61cbceb42368392de63555c483c3c0f,6,8,4,374,8,2,20.90856696741132,10.807681088964511,141.94428152492668,29.464817440623893,104968,True,False
test,991520079bd9313a29acd5df185bf645f61cbceb42368392de63555c483c3c0f,6,8,8,354,8,2,20.86707994506943,10.65950744558992,141.94428152492668,29.464817440623893,104968,True,False
test,991520079bd9313a29acd5df185bf645f61cbceb42368392de63555c483c3c0f,6,8,16,323,7,1,20.555835215209758,10.684367988032909,149.34604105571847,25.192307692307693,104968,True,False
test,991520079bd9313a29acd5df185bf645f61cbceb42368392de63555c483c3c0f,6,8,32,187,7,1,18.43524765461964,7.737912151928231,217.30565583634177,25.043908738699958,104968,False,False
test,991520079bd9313a29acd5df185bf645f61cbceb42368392de63555c483c3c0f,6,8,64,16,1,1,18.967243103929928,11.197131733280765,28.791719819088485,28.791719819088485,104968,False,False
test,991520079bd9313a29acd5df185bf645f61cbceb42368392de63555c483c3c0f,6,9,0,316,5,2,20.7611130372058,10.539564571128793,170.23421588594704,40.09985528219971,104968,False,False
test,991520079bd9313a29acd5df185bf645f61cbceb42368392de63555c483c3c0f,6,9,4,313,5,2,20.76418144211419,10.539564571128793,170.23421588594704,40.98625,104968,False,False
test,991520079bd9313a29acd5df185bf645f61cbceb42368392de63555c483c3c0f,6,9,8,305,5,2,20.774247288370027,10.539564571128793,170.23421588594704,47.828048780487805,104968,False,False
test,991520079bd9313a29acd5df185bf645f61cbceb42368392de63555c483c3c0f,6,9,16,288,4,1,20.548286286415607,10.34493913339576,170.23421588594704,94.72294816895909,104968,False,False
test,991520079bd9313a29acd5df185bf645f61cbceb42368392de63555c483c3c0f,6,9,32,168,4,1,18.186755562446702,7.906226475965157,217.30565583634177,40.12686116478167,104968,False,False
test,991520079bd9313a29acd5df185bf645f61cbceb42368392de63555c483c3c0f,6,9,64,16,1,1,18.967243103929928,11.197131733280765,28.791719819088485,28.791719819088485,104968,False,False
test,991520079bd9313a29acd5df185bf645f61cbceb42368392de63555c483c3c0f,6,10,0,284,5,2,20.206982430366473,10.34493913339576,149.46108663729808,43.50332594235033,104968,False,False
test,991520079bd9313a29acd5df185bf645f61cbceb42368392de63555c483c3c0f,6,10,4,284,5,2,20.206982430366473,10.34493913339576,149.46108663729808,43.50332594235033,104968,False,False
test,991520079bd9313a29acd5df185bf645f61cbceb42368392de63555c483c3c0f,6,10,8,281,5,2,20.22604880895317,10.34493913339576,149.46108663729808,40.09985528219971,104968,False,False
test,991520079bd9313a29acd5df185bf645f61cbceb42368392de63555c483c3c0f,6,10,16,276,4,1,20.1736941044821,10.05507435855532,149.34604105571847,89.50673827232909,104968,False,False
test,991520079bd9313a29acd5df185bf645f61cbceb42368392de63555c483c3c0f,6,10,32,165,4,1,17.949274314319172,7.906226475965157,217.30565583634177,39.017555091506466,104968,False,False
test,991520079bd9313a29acd5df185bf645f61cbceb42368392de63555c483c3c0f,6,10,64,16,1,1,18.967243103929928,11.197131733280765,28.791719819088485,28.791719819088485,104968,False,False
test,991520079bd9313a29acd5df185bf645f61cbceb42368392de63555c483c3c0f,6,11,0,235,5,2,19.775296167501402,9.493328278999241,231.6681818181818,39.20803183791606,104968,False,False
test,991520079bd9313a29acd5df185bf645f61cbceb42368392de63555c483c3c0f,6,11,4,235,5,2,19.775296167501402,9.493328278999241,231.6681818181818,39.20803183791606,104968,False,False
test,991520079bd9313a29acd5df185bf645f61cbceb42368392de63555c483c3c0f,6,11,8,233,4,1,19.828808969686325,9.493328278999241,231.6681818181818,94.33455923760707,104968,False,False
test,991520079bd9313a29acd5df185bf645f61cbceb42368392de63555c483c3c0f,6,11,16,232,4,1,19.81183703942264,9.493328278999241,231.6681818181818,94.27703644681726,104968,False,False
test,991520079bd9313a29acd5df185bf645f61cbceb42368392de63555c483c3c0f,6,11,32,148,4,1,17.825188540791828,7.579693094629156,217.30565583634177,38.836001489561525,104968,False,False
test,991520079bd9313a29acd5df185bf645f61cbceb42368392de63555c483c3c0f,6,11,64,16,1,1,18.967243103929928,11.197131733280765,28.791719819088485,28.791719819088485,104968,False,False
test,991520079bd9313a29acd5df185bf645f61cbceb42368392de63555c483c3c0f,6,12,0,209,5,2,18.963231072810036,6.954242391655017,223.37906976744185,35.98954468802698,104968,False,False
test,991520079bd9313a29acd5df185bf645f61cbceb42368392de63555c483c3c0f,6,12,4,209,5,2,18.963231072810036,6.954242391655017,223.37906976744185,35.98954468802698,104968,False,False
test,991520079bd9313a29acd5df185bf645f61cbceb42368392de63555c483c3c0f,6,12,8,208,4,1,19.028243302196877,6.954242391655017,223.37906976744185,92.72531566266252,104968,False,False
test,991520079bd9313a29acd5df185bf645f61cbceb42368392de63555c483c3c0f,6,12,16,207,4,1,19.0098808096814,6.954242391655017,223.37906976744185,92.66779287187273,104968,False,False
test,991520079bd9313a29acd5df185bf645f61cbceb42368392de63555c483c3c0f,6,12,32,127,4,1,17.011237819549564,7.391539645499231,217.30565583634177,34.24685266706922,104968,False,False
test,991520079bd9313a29acd5df185bf645f61cbceb42368392de63555c483c3c0f,6,12,64,16,1,1,18.967243103929928,11.197131733280765,28.791719819088485,28.791719819088485,104968,False,False
test,991520079bd9313a29acd5df185bf645f61cbceb42368392de63555c483c3c0f,7,2,0,1084,10,4,10.228905645450862,5.661052631578947,197.79032258064515,29.97450764446748,104968,True,False
test,991520079bd9313a29acd5df185bf645f61cbceb42368392de63555c483c3c0f,7,2,4,1082,10,4,10.228585129376574,5.661052631578947,197.79032258064515,29.97450764446748,104968,True,False
test,991520079bd9313a29acd5df185bf645f61cbceb42368392de63555c483c3c0f,7,2,8,1072,9,3,10.19959370173606,5.710615280594997,197.79032258064515,30.669603524229075,104968,True,False
test,991520079bd9313a29acd5df185bf645f61cbceb42368392de63555c483c3c0f,7,2,16,1037,8,2,10.114201575460548,5.739864864864865,210.2866043613707,29.383436895339365,104968,True,False
test,991520079bd9313a29acd5df185bf645f61cbceb42368392de63555c483c3c0f,7,2,32,190,8,2,18.52650036961268,7.737912151928231,217.30565583634177,30.815080179985515,104968,False,False
test,991520079bd9313a29acd5df185bf645f61cbceb42368392de63555c483c3c0f,7,2,64,16,1,1,18.967243103929928,11.197131733280765,28.791719819088485,28.791719819088485,104968,False,False
test,991520079bd9313a29acd5df185bf645f61cbceb42368392de63555c483c3c0f,7,3,0,1084,10,4,10.228905645450862,5.661052631578947,197.79032258064515,29.97450764446748,104968,True,False
test,991520079bd9313a29acd5df185bf645f61cbceb42368392de63555c483c3c0f,7,3,4,1082,10,4,10.228585129376574,5.661052631578947,197.79032258064515,29.97450764446748,104968,True,False
test,991520079bd9313a29acd5df185bf645f61cbceb42368392de63555c483c3c0f,7,3,8,1072,9,3,10.19959370173606,5.710615280594997,197.79032258064515,30.669603524229075,104968,True,False
test,991520079bd9313a29acd5df185bf645f61cbceb42368392de63555c483c3c0f,7,3,16,1037,8,2,10.114201575460548,5.739864864864865,210.2866043613707,29.383436895339365,104968,True,False
test,991520079bd9313a29acd5df185bf645f61cbceb42368392de63555c483c3c0f,7,3,32,190,8,2,18.52650036961268,7.737912151928231,217.30565583634177,30.815080179985515,104968,False,False
test,991520079bd9313a29acd5df185bf645f61cbceb42368392de63555c483c3c0f,7,3,64,16,1,1,18.967243103929928,11.197131733280765,28.791719819088485,28.791719819088485,104968,False,False
test,991520079bd9313a29acd5df185bf645f61cbceb42368392de63555c483c3c0f,7,4,0,1084,10,4,10.228905645450862,5.661052631578947,197.79032258064515,29.97450764446748,104968,True,False
test,991520079bd9313a29acd5df185bf645f61cbceb42368392de63555c483c3c0f,7,4,4,1082,10,4,10.228585129376574,5.661052631578947,197.79032258064515,29.97450764446748,104968,True,False
test,991520079bd9313a29acd5df185bf645f61cbceb42368392de63555c483c3c0f,7,4,8,1072,9,3,10.19959370173606,5.710615280594997,197.79032258064515,30.669603524229075,104968,True,False
test,991520079bd9313a29acd5df185bf645f61cbceb42368392de63555c483c3c0f,7,4,16,1037,8,2,10.114201575460548,5.739864864864865,210.2866043613707,29.383436895339365,104968,True,False
test,991520079bd9313a29acd5df185bf645f61cbceb42368392de63555c483c3c0f,7,4,32,190,8,2,18.52650036961268,7.737912151928231,217.30565583634177,30.815080179985515,104968,False,False
test,991520079bd9313a29acd5df185bf645f61cbceb42368392de63555c483c3c0f,7,4,64,16,1,1,18.967243103929928,11.197131733280765,28.791719819088485,28.791719819088485,104968,False,False
test,991520079bd9313a29acd5df185bf645f61cbceb42368392de63555c483c3c0f,7,5,0,1084,10,4,10.228905645450862,5.661052631578947,197.79032258064515,29.97450764446748,104968,True,False
test,991520079bd9313a29acd5df185bf645f61cbceb42368392de63555c483c3c0f,7,5,4,1082,10,4,10.228585129376574,5.661052631578947,197.79032258064515,29.97450764446748,104968,True,False
test,991520079bd9313a29acd5df185bf645f61cbceb42368392de63555c483c3c0f,7,5,8,1072,9,3,10.19959370173606,5.710615280594997,197.79032258064515,30.669603524229075,104968,True,False
test,991520079bd9313a29acd5df185bf645f61cbceb42368392de63555c483c3c0f,7,5,16,1037,8,2,10.114201575460548,5.739864864864865,210.2866043613707,29.383436895339365,104968,True,False
test,991520079bd9313a29acd5df185bf645f61cbceb42368392de63555c483c3c0f,7,5,32,190,8,2,18.52650036961268,7.737912151928231,217.30565583634177,30.815080179985515,104968,False,False
test,991520079bd9313a29acd5df185bf645f61cbceb42368392de63555c483c3c0f,7,5,64,16,1,1,18.967243103929928,11.197131733280765,28.791719819088485,28.791719819088485,104968,False,False
test,991520079bd9313a29acd5df185bf645f61cbceb42368392de63555c483c3c0f,7,6,0,1084,10,4,10.228905645450862,5.661052631578947,197.79032258064515,29.97450764446748,104968,True,False
test,991520079bd9313a29acd5df185bf645f61cbceb42368392de63555c483c3c0f,7,6,4,1082,10,4,10.228585129376574,5.661052631578947,197.79032258064515,29.97450764446748,104968,True,False
test,991520079bd9313a29acd5df185bf645f61cbceb42368392de63555c483c3c0f,7,6,8,1072,9,3,10.19959370173606,5.710615280594997,197.79032258064515,30.669603524229075,104968,True,False
test,991520079bd9313a29acd5df185bf645f61cbceb42368392de63555c483c3c0f,7,6,16,1037,8,2,10.114201575460548,5.739864864864865,210.2866043613707,29.383436895339365,104968,True,False
test,991520079bd9313a29acd5df185bf645f61cbceb42368392de63555c483c3c0f,7,6,32,190,8,2,18.52650036961268,7.737912151928231,217.30565583634177,30.815080179985515,104968,False,False
test,991520079bd9313a29acd5df185bf645f61cbceb42368392de63555c483c3c0f,7,6,64,16,1,1,18.967243103929928,11.197131733280765,28.791719819088485,28.791719819088485,104968,False,False
test,991520079bd9313a29acd5df185bf645f61cbceb42368392de63555c483c3c0f,7,7,0,1084,10,4,10.228905645450862,5.661052631578947,197.79032258064515,29.97450764446748,104968,True,False
test,991520079bd9313a29acd5df185bf645f61cbceb42368392de63555c483c3c0f,7,7,4,1082,10,4,10.228585129376574,5.661052631578947,197.79032258064515,29.97450764446748,104968,True,False
test,991520079bd9313a29acd5df185bf645f61cbceb42368392de63555c483c3c0f,7,7,8,1072,9,3,10.19959370173606,5.710615280594997,197.79032258064515,30.669603524229075,104968,True,False
test,991520079bd9313a29acd5df185bf645f61cbceb42368392de63555c483c3c0f,7,7,16,1037,8,2,10.114201575460548,5.739864864864865,210.2866043613707,29.383436895339365,104968,True,False
test,991520079bd9313a29acd5df185bf645f61cbceb42368392de63555c483c3c0f,7,7,32,190,8,2,18.52650036961268,7.737912151928231,217.30565583634177,30.815080179985515,104968,False,False
test,991520079bd9313a29acd5df185bf645f61cbceb42368392de63555c483c3c0f,7,7,64,16,1,1,18.967243103929928,11.197131733280765,28.791719819088485,28.791719819088485,104968,False,False
test,991520079bd9313a29acd5df185bf645f61cbceb42368392de63555c483c3c0f,7,8,0,292,8,2,20.443044999272523,10.625338812625689,213.62714508580342,32.75084423573128,104968,True,False
test,991520079bd9313a29acd5df185bf645f61cbceb42368392de63555c483c3c0f,7,8,4,290,8,2,20.452839916732728,10.625338812625689,213.62714508580342,32.75084423573128,104968,True,False
test,991520079bd9313a29acd5df185bf645f61cbceb42368392de63555c483c3c0f,7,8,8,282,8,2,20.39083372135134,10.625338812625689,213.62714508580342,32.75084423573128,104968,True,False
test,991520079bd9313a29acd5df185bf645f61cbceb42368392de63555c483c3c0f,7,8,16,263,7,1,20.173543300077107,10.475355409891888,216.978125,25.363451086956523,104968,True,False
test,991520079bd9313a29acd5df185bf645f61cbceb42368392de63555c483c3c0f,7,8,32,187,7,1,18.43524765461964,7.737912151928231,217.30565583634177,25.043908738699958,104968,False,False
test,991520079bd9313a29acd5df185bf645f61cbceb42368392de63555c483c3c0f,7,8,64,16,1,1,18.967243103929928,11.197131733280765,28.791719819088485,28.791719819088485,104968,False,False
test,991520079bd9313a29acd5df185bf645f61cbceb42368392de63555c483c3c0f,7,9,0,259,5,2,20.306899259871845,10.124693577381926,216.978125,48.569047619047616,104968,False,False
test,991520079bd9313a29acd5df185bf645f61cbceb42368392de63555c483c3c0f,7,9,4,259,5,2,20.306899259871845,10.124693577381926,216.978125,48.569047619047616,104968,False,False
test,991520079bd9313a29acd5df185bf645f61cbceb42368392de63555c483c3c0f,7,9,8,258,5,2,20.274905452198713,10.124693577381926,216.978125,46.533720930232555,104968,False,False
test,991520079bd9313a29acd5df185bf645f61cbceb42368392de63555c483c3c0f,7,9,16,244,4,1,20.07160195875624,10.124693577381926,216.978125,105.16703558407337,104968,False,False
test,991520079bd9313a29acd5df185bf645f61cbceb42368392de63555c483c3c0f,7,9,32,168,4,1,18.186755562446702,7.906226475965157,217.30565583634177,40.12686116478167,104968,False,False
test,991520079bd9313a29acd5df185bf645f61cbceb42368392de63555c483c3c0f,7,9,64,16,1,1,18.967243103929928,11.197131733280765,28.791719819088485,28.791719819088485,104968,False,False
test,991520079bd9313a29acd5df185bf645f61cbceb42368392de63555c483c3c0f,7,10,0,237,5,2,19.73383451417648,9.493328278999241,216.978125,52.651884700665185,104968,False,False
test,991520079bd9313a29acd5df185bf645f61cbceb42368392de63555c483c3c0f,7,10,4,237,5,2,19.73383451417648,9.493328278999241,216.978125,52.651884700665185,104968,False,False
test,991520079bd9313a29acd5df185bf645f61cbceb42368392de63555c483c3c0f,7,10,8,236,5,2,19.70111099797486,9.493328278999241,216.978125,40.09985528219971,104968,False,False
test,991520079bd9313a29acd5df185bf645f61cbceb42368392de63555c483c3c0f,7,10,16,232,4,1,19.65866289617812,9.493328278999241,216.978125,89.50673827232909,104968,False,False
test,991520079bd9313a29acd5df185bf645f61cbceb42368392de63555c483c3c0f,7,10,32,165,4,1,17.949274314319172,7.906226475965157,217.30565583634177,39.017555091506466,104968,False,False
test,991520079bd9313a29acd5df185bf645f61cbceb42368392de63555c483c3c0f,7,10,64,16,1,1,18.967243103929928,11.197131733280765,28.791719819088485,28.791719819088485,104968,False,False
test,991520079bd9313a29acd5df185bf645f61cbceb42368392de63555c483c3c0f,7,11,0,188,4,1,19.1939142977381,7.142112055059684,231.6681818181818,128.09307841895804,104968,False,False
test,991520079bd9313a29acd5df185bf645f61cbceb42368392de63555c483c3c0f,7,11,4,188,4,1,19.1939142977381,7.142112055059684,231.6681818181818,128.09307841895804,104968,False,False
test,991520079bd9313a29acd5df185bf645f61cbceb42368392de63555c483c3c0f,7,11,8,188,4,1,19.1939142977381,7.142112055059684,231.6681818181818,128.09307841895804,104968,False,False
test,991520079bd9313a29acd5df185bf645f61cbceb42368392de63555c483c3c0f,7,11,16,188,4,1,19.1939142977381,7.142112055059684,231.6681818181818,128.09307841895804,104968,False,False
test,991520079bd9313a29acd5df185bf645f61cbceb42368392de63555c483c3c0f,7,11,32,148,4,1,17.825188540791828,7.579693094629156,217.30565583634177,38.836001489561525,104968,False,False
test,991520079bd9313a29acd5df185bf645f61cbceb42368392de63555c483c3c0f,7,11,64,16,1,1,18.967243103929928,11.197131733280765,28.791719819088485,28.791719819088485,104968,False,False
test,991520079bd9313a29acd5df185bf645f61cbceb42368392de63555c483c3c0f,7,12,0,163,4,1,18.255525124013854,7.5212276214833755,223.37906976744185,126.4838348440135,104968,False,False
test,991520079bd9313a29acd5df185bf645f61cbceb42368392de63555c483c3c0f,7,12,4,163,4,1,18.255525124013854,7.5212276214833755,223.37906976744185,126.4838348440135,104968,False,False
test,991520079bd9313a29acd5df185bf645f61cbceb42368392de63555c483c3c0f,7,12,8,163,4,1,18.255525124013854,7.5212276214833755,223.37906976744185,126.4838348440135,104968,False,False
test,991520079bd9313a29acd5df185bf645f61cbceb42368392de63555c483c3c0f,7,12,16,163,4,1,18.255525124013854,7.5212276214833755,223.37906976744185,126.4838348440135,104968,False,False
test,991520079bd9313a29acd5df185bf645f61cbceb42368392de63555c483c3c0f,7,12,32,127,4,1,17.011237819549564,7.391539645499231,217.30565583634177,34.24685266706922,104968,False,False
test,991520079bd9313a29acd5df185bf645f61cbceb42368392de63555c483c3c0f,7,12,64,16,1,1,18.967243103929928,11.197131733280765,28.791719819088485,28.791719819088485,104968,False,False
test,991520079bd9313a29acd5df185bf645f61cbceb42368392de63555c483c3c0f,8,2,0,239,7,2,19.144829050753877,10.05507435855532,149.72370766488413,40.13823738450604,104968,True,False
test,991520079bd9313a29acd5df185bf645f61cbceb42368392de63555c483c3c0f,8,2,4,239,7,2,19.144829050753877,10.05507435855532,149.72370766488413,40.13823738450604,104968,True,False
test,991520079bd9313a29acd5df185bf645f61cbceb42368392de63555c483c3c0f,8,2,8,239,7,2,19.144829050753877,10.05507435855532,149.72370766488413,40.13823738450604,104968,True,False
test,991520079bd9313a29acd5df185bf645f61cbceb42368392de63555c483c3c0f,8,2,16,223,6,1,18.88271132564163,10.05507435855532,149.72370766488413,36.507372430796195,104968,True,False
test,991520079bd9313a29acd5df185bf645f61cbceb42368392de63555c483c3c0f,8,2,32,169,6,1,17.407825374357447,7.142112055059684,104.83600917431193,35.76045346863764,104968,False,False
test,991520079bd9313a29acd5df185bf645f61cbceb42368392de63555c483c3c0f,8,2,64,16,1,1,18.967243103929928,11.197131733280765,28.791719819088485,28.791719819088485,104968,False,False
test,991520079bd9313a29acd5df185bf645f61cbceb42368392de63555c483c3c0f,8,3,0,239,7,2,19.144829050753877,10.05507435855532,149.72370766488413,40.13823738450604,104968,True,False
test,991520079bd9313a29acd5df185bf645f61cbceb42368392de63555c483c3c0f,8,3,4,239,7,2,19.144829050753877,10.05507435855532,149.72370766488413,40.13823738450604,104968,True,False
test,991520079bd9313a29acd5df185bf645f61cbceb42368392de63555c483c3c0f,8,3,8,239,7,2,19.144829050753877,10.05507435855532,149.72370766488413,40.13823738450604,104968,True,False
test,991520079bd9313a29acd5df185bf645f61cbceb42368392de63555c483c3c0f,8,3,16,223,6,1,18.88271132564163,10.05507435855532,149.72370766488413,36.507372430796195,104968,True,False
test,991520079bd9313a29acd5df185bf645f61cbceb42368392de63555c483c3c0f,8,3,32,169,6,1,17.407825374357447,7.142112055059684,104.83600917431193,35.76045346863764,104968,False,False
test,991520079bd9313a29acd5df185bf645f61cbceb42368392de63555c483c3c0f,8,3,64,16,1,1,18.967243103929928,11.197131733280765,28.791719819088485,28.791719819088485,104968,False,False
test,991520079bd9313a29acd5df185bf645f61cbceb42368392de63555c483c3c0f,8,4,0,239,7,2,19.144829050753877,10.05507435855532,149.72370766488413,40.13823738450604,104968,True,False
test,991520079bd9313a29acd5df185bf645f61cbceb42368392de63555c483c3c0f,8,4,4,239,7,2,19.144829050753877,10.05507435855532,149.72370766488413,40.13823738450604,104968,True,False
test,991520079bd9313a29acd5df185bf645f61cbceb42368392de63555c483c3c0f,8,4,8,239,7,2,19.144829050753877,10.05507435855532,149.72370766488413,40.13823738450604,104968,True,False
test,991520079bd9313a29acd5df185bf645f61cbceb42368392de63555c483c3c0f,8,4,16,223,6,1,18.88271132564163,10.05507435855532,149.72370766488413,36.507372430796195,104968,True,False
test,991520079bd9313a29acd5df185bf645f61cbceb42368392de63555c483c3c0f,8,4,32,169,6,1,17.407825374357447,7.142112055059684,104.83600917431193,35.76045346863764,104968,False,False
test,991520079bd9313a29acd5df185bf645f61cbceb42368392de63555c483c3c0f,8,4,64,16,1,1,18.967243103929928,11.197131733280765,28.791719819088485,28.791719819088485,104968,False,False
test,991520079bd9313a29acd5df185bf645f61cbceb42368392de63555c483c3c0f,8,5,0,239,7,2,19.144829050753877,10.05507435855532,149.72370766488413,40.13823738450604,104968,True,False
test,991520079bd9313a29acd5df185bf645f61cbceb42368392de63555c483c3c0f,8,5,4,239,7,2,19.144829050753877,10.05507435855532,149.72370766488413,40.13823738450604,104968,True,False
test,991520079bd9313a29acd5df185bf645f61cbceb42368392de63555c483c3c0f,8,5,8,239,7,2,19.144829050753877,10.05507435855532,149.72370766488413,40.13823738450604,104968,True,False
test,991520079bd9313a29acd5df185bf645f61cbceb42368392de63555c483c3c0f,8,5,16,223,6,1,18.88271132564163,10.05507435855532,149.72370766488413,36.507372430796195,104968,True,False
test,991520079bd9313a29acd5df185bf645f61cbceb42368392de63555c483c3c0f,8,5,32,169,6,1,17.407825374357447,7.142112055059684,104.83600917431193,35.76045346863764,104968,False,False
test,991520079bd9313a29acd5df185bf645f61cbceb42368392de63555c483c3c0f,8,5,64,16,1,1,18.967243103929928,11.197131733280765,28.791719819088485,28.791719819088485,104968,False,False
test,991520079bd9313a29acd5df185bf645f61cbceb42368392de63555c483c3c0f,8,6,0,239,7,2,19.144829050753877,10.05507435855532,149.72370766488413,40.13823738450604,104968,True,False
test,991520079bd9313a29acd5df185bf645f61cbceb42368392de63555c483c3c0f,8,6,4,239,7,2,19.144829050753877,10.05507435855532,149.72370766488413,40.13823738450604,104968,True,False
test,991520079bd9313a29acd5df185bf645f61cbceb42368392de63555c483c3c0f,8,6,8,239,7,2,19.144829050753877,10.05507435855532,149.72370766488413,40.13823738450604,104968,True,False
test,991520079bd9313a29acd5df185bf645f61cbceb42368392de63555c483c3c0f,8,6,16,223,6,1,18.88271132564163,10.05507435855532,149.72370766488413,36.507372430796195,104968,True,False
test,991520079bd9313a29acd5df185bf645f61cbceb42368392de63555c483c3c0f,8,6,32,169,6,1,17.407825374357447,7.142112055059684,104.83600917431193,35.76045346863764,104968,False,False
test,991520079bd9313a29acd5df185bf645f61cbceb42368392de63555c483c3c0f,8,6,64,16,1,1,18.967243103929928,11.197131733280765,28.791719819088485,28.791719819088485,104968,False,False
test,991520079bd9313a29acd5df185bf645f61cbceb42368392de63555c483c3c0f,8,7,0,239,7,2,19.144829050753877,10.05507435855532,149.72370766488413,40.13823738450604,104968,True,False
test,991520079bd9313a29acd5df185bf645f61cbceb42368392de63555c483c3c0f,8,7,4,239,7,2,19.144829050753877,10.05507435855532,149.72370766488413,40.13823738450604,104968,True,False
test,991520079bd9313a29acd5df185bf645f61cbceb42368392de63555c483c3c0f,8,7,8,239,7,2,19.144829050753877,10.05507435855532,149.72370766488413,40.13823738450604,104968,True,False
test,991520079bd9313a29acd5df185bf645f61cbceb42368392de63555c483c3c0f,8,7,16,223,6,1,18.88271132564163,10.05507435855532,149.72370766488413,36.507372430796195,104968,True,False
test,991520079bd9313a29acd5df185bf645f61cbceb42368392de63555c483c3c0f,8,7,32,169,6,1,17.407825374357447,7.142112055059684,104.83600917431193,35.76045346863764,104968,False,False
test,991520079bd9313a29acd5df185bf645f61cbceb42368392de63555c483c3c0f,8,7,64,16,1,1,18.967243103929928,11.197131733280765,28.791719819088485,28.791719819088485,104968,False,False
test,991520079bd9313a29acd5df185bf645f61cbceb42368392de63555c483c3c0f,8,8,0,239,7,2,19.144829050753877,10.05507435855532,149.72370766488413,40.13823738450604,104968,True,False
test,991520079bd9313a29acd5df185bf645f61cbceb42368392de63555c483c3c0f,8,8,4,239,7,2,19.144829050753877,10.05507435855532,149.72370766488413,40.13823738450604,104968,True,False
test,991520079bd9313a29acd5df185bf645f61cbceb42368392de63555c483c3c0f,8,8,8,239,7,2,19.144829050753877,10.05507435855532,149.72370766488413,40.13823738450604,104968,True,False
test,991520079bd9313a29acd5df185bf645f61cbceb42368392de63555c483c3c0f,8,8,16,223,6,1,18.88271132564163,10.05507435855532,149.72370766488413,36.507372430796195,104968,True,False
test,991520079bd9313a29acd5df185bf645f61cbceb42368392de63555c483c3c0f,8,8,32,169,6,1,17.407825374357447,7.142112055059684,104.83600917431193,35.76045346863764,104968,False,False
test,991520079bd9313a29acd5df185bf645f61cbceb42368392de63555c483c3c0f,8,8,64,16,1,1,18.967243103929928,11.197131733280765,28.791719819088485,28.791719819088485,104968,False,False
test,991520079bd9313a29acd5df185bf645f61cbceb42368392de63555c483c3c0f,8,9,0,226,5,2,18.89836596347448,10.05507435855532,170.23421588594704,46.361363636363635,104968,False,False
test,991520079bd9313a29acd5df185bf645f61cbceb42368392de63555c483c3c0f,8,9,4,226,5,2,18.89836596347448,10.05507435855532,170.23421588594704,46.361363636363635,104968,False,False
test,991520079bd9313a29acd5df185bf645f61cbceb42368392de63555c483c3c0f,8,9,8,226,5,2,18.89836596347448,10.05507435855532,170.23421588594704,46.361363636363635,104968,False,False
test,991520079bd9313a29acd5df185bf645f61cbceb42368392de63555c483c3c0f,8,9,16,213,4,1,18.678867056612145,9.493328278999241,170.23421588594704,74.88536687094341,104968,False,False
test,991520079bd9313a29acd5df185bf645f61cbceb42368392de63555c483c3c0f,8,9,32,159,4,1,17.125692588640458,7.5212276214833755,104.83600917431193,40.12686116478167,104968,False,False
test,991520079bd9313a29acd5df185bf645f61cbceb42368392de63555c483c3c0f,8,9,64,16,1,1,18.967243103929928,11.197131733280765,28.791719819088485,28.791719819088485,104968,False,False
test,991520079bd9313a29acd5df185bf645f61cbceb42368392de63555c483c3c0f,8,10,0,204,5,2,18.27307044877672,9.493328278999241,138.91362126245846,40.09985528219971,104968,False,False
test,991520079bd9313a29acd5df185bf645f61cbceb42368392de63555c483c3c0f,8,10,4,204,5,2,18.27307044877672,9.493328278999241,138.91362126245846,40.09985528219971,104968,False,False
test,991520079bd9313a29acd5df185bf645f61cbceb42368392de63555c483c3c0f,8,10,8,204,5,2,18.27307044877672,9.493328278999241,138.91362126245846,40.09985528219971,104968,False,False
test,991520079bd9313a29acd5df185bf645f61cbceb42368392de63555c483c3c0f,8,10,16,201,4,1,18.229913566661935,9.493328278999241,138.91362126245846,74.88536687094341,104968,False,False
test,991520079bd9313a29acd5df185bf645f61cbceb42368392de63555c483c3c0f,8,10,32,156,4,1,16.884293459183276,7.5212276214833755,104.83600917431193,39.017555091506466,104968,False,False
test,991520079bd9313a29acd5df185bf645f61cbceb42368392de63555c483c3c0f,8,10,64,16,1,1,18.967243103929928,11.197131733280765,28.791719819088485,28.791719819088485,104968,False,False
test,991520079bd9313a29acd5df185bf645f61cbceb42368392de63555c483c3c0f,8,11,0,157,4,1,17.546275854641888,7.5212276214833755,231.6681818181818,74.43945514880158,104968,False,False
test,991520079bd9313a29acd5df185bf645f61cbceb42368392de63555c483c3c0f,8,11,4,157,4,1,17.546275854641888,7.5212276214833755,231.6681818181818,74.43945514880158,104968,False,False
test,991520079bd9313a29acd5df185bf645f61cbceb42368392de63555c483c3c0f,8,11,8,157,4,1,17.546275854641888,7.5212276214833755,231.6681818181818,74.43945514880158,104968,False,False
test,991520079bd9313a29acd5df185bf645f61cbceb42368392de63555c483c3c0f,8,11,16,157,4,1,17.546275854641888,7.5212276214833755,231.6681818181818,74.43945514880158,104968,False,False
test,991520079bd9313a29acd5df185bf645f61cbceb42368392de63555c483c3c0f,8,11,32,139,4,1,16.662483846197066,7.357281167767241,104.83600917431193,38.836001489561525,104968,False,False
test,991520079bd9313a29acd5df185bf645f61cbceb42368392de63555c483c3c0f,8,11,64,16,1,1,18.967243103929928,11.197131733280765,28.791719819088485,28.791719819088485,104968,False,False
test,991520079bd9313a29acd5df185bf645f61cbceb42368392de63555c483c3c0f,8,12,0,132,4,1,16.413699703868392,7.357281167767241,223.37906976744185,72.83021157385704,104968,False,False
test,991520079bd9313a29acd5df185bf645f61cbceb42368392de63555c483c3c0f,8,12,4,132,4,1,16.413699703868392,7.357281167767241,223.37906976744185,72.83021157385704,104968,False,False
test,991520079bd9313a29acd5df185bf645f61cbceb42368392de63555c483c3c0f,8,12,8,132,4,1,16.413699703868392,7.357281167767241,223.37906976744185,72.83021157385704,104968,False,False
test,991520079bd9313a29acd5df185bf645f61cbceb42368392de63555c483c3c0f,8,12,16,132,4,1,16.413699703868392,7.357281167767241,223.37906976744185,72.83021157385704,104968,False,False
test,991520079bd9313a29acd5df185bf645f61cbceb42368392de63555c483c3c0f,8,12,32,118,4,1,15.744203608042303,7.409541175890789,104.83600917431193,34.24685266706922,104968,False,False
test,991520079bd9313a29acd5df185bf645f61cbceb42368392de63555c483c3c0f,8,12,64,16,1,1,18.967243103929928,11.197131733280765,28.791719819088485,28.791719819088485,104968,False,False
